-- phpMyAdmin SQL Dump
-- version 4.8.5
-- https://www.phpmyadmin.net/
--
-- Host: localhost:3306
-- Generation Time: May 31, 2019 at 11:41 AM
-- Server version: 5.7.26
-- PHP Version: 7.2.7

SET SQL_MODE = "NO_AUTO_VALUE_ON_ZERO";
SET AUTOCOMMIT = 0;
START TRANSACTION;
SET time_zone = "+00:00";


/*!40101 SET @OLD_CHARACTER_SET_CLIENT=@@CHARACTER_SET_CLIENT */;
/*!40101 SET @OLD_CHARACTER_SET_RESULTS=@@CHARACTER_SET_RESULTS */;
/*!40101 SET @OLD_COLLATION_CONNECTION=@@COLLATION_CONNECTION */;
/*!40101 SET NAMES utf8mb4 */;

--
-- Database: `ttscloud_crm`
--

-- --------------------------------------------------------

--
-- Table structure for table `address`
--

CREATE TABLE `address` (
  `id` int(11) NOT NULL,
  `address` varchar(500) NOT NULL,
  `city` varchar(150) NOT NULL DEFAULT 'Guwahati',
  `pin` varchar(15) NOT NULL DEFAULT '781021',
  `customer_id` varchar(15) NOT NULL
) ENGINE=InnoDB DEFAULT CHARSET=latin1;

--
-- Dumping data for table `address`
--

INSERT INTO `address` (`id`, `address`, `city`, `pin`, `customer_id`) VALUES
(115, 'CHANDMARI', 'Guwahati', '781003', '100001'),
(117, 'GUWAHATI', 'SONITPUR', '784168', '100003');

-- --------------------------------------------------------

--
-- Table structure for table `amc`
--

CREATE TABLE `amc` (
  `id` varchar(15) NOT NULL,
  `start_date` varchar(20) NOT NULL,
  `end_date` varchar(20) NOT NULL,
  `amount` varchar(50) NOT NULL,
  `status` varchar(15) NOT NULL DEFAULT 'Active',
  `sale_id` varchar(15) NOT NULL,
  `customer_id` varchar(15) NOT NULL
) ENGINE=InnoDB DEFAULT CHARSET=latin1;

--
-- Dumping data for table `amc`
--

INSERT INTO `amc` (`id`, `start_date`, `end_date`, `amount`, `status`, `sale_id`, `customer_id`) VALUES
('100000', '10/3/2019', '10/3/2020', '5000', 'Active', '100011', '100003');

-- --------------------------------------------------------

--
-- Table structure for table `amc_product`
--

CREATE TABLE `amc_product` (
  `id` int(11) NOT NULL,
  `name` varchar(50) NOT NULL,
  `model` varchar(50) NOT NULL,
  `serial` varchar(50) NOT NULL,
  `price` varchar(15) NOT NULL,
  `quantity` int(50) NOT NULL,
  `purchase_date` varchar(50) NOT NULL,
  `warranty` varchar(50) NOT NULL,
  `manufactured_by` varchar(50) NOT NULL,
  `barcode` varchar(50) NOT NULL,
  `amc_id` varchar(15) NOT NULL
) ENGINE=InnoDB DEFAULT CHARSET=latin1;

-- --------------------------------------------------------

--
-- Table structure for table `customer`
--

CREATE TABLE `customer` (
  `id` varchar(15) NOT NULL,
  `email` varchar(150) NOT NULL,
  `name` varchar(150) NOT NULL,
  `phone` varchar(20) NOT NULL,
  `gstin` varchar(50) NOT NULL
) ENGINE=InnoDB DEFAULT CHARSET=latin1;

--
-- Dumping data for table `customer`
--

INSERT INTO `customer` (`id`, `email`, `name`, `phone`, `gstin`) VALUES
('100001', 'kangkan.rajkhowa@transt.co.in', 'KANGKAN RAJKHOWA', '7002325133', 'GST100100'),
('100003', 'shantanuadhikary007@gmail.com', 'Shantanu Adhikary', '8011721967', '54894455612');

-- --------------------------------------------------------

--
-- Table structure for table `items`
--

CREATE TABLE `items` (
  `id` int(11) NOT NULL,
  `name` varchar(200) DEFAULT NULL,
  `price` varchar(15) DEFAULT NULL,
  `size` varchar(50) DEFAULT NULL,
  `model` varchar(50) DEFAULT NULL,
  `serial_no` varchar(50) DEFAULT NULL,
  `barcode` varchar(50) DEFAULT NULL,
  `gst` varchar(10) NOT NULL DEFAULT '18'
) ENGINE=InnoDB DEFAULT CHARSET=latin1;

--
-- Dumping data for table `items`
--

INSERT INTO `items` (`id`, `name`, `price`, `size`, `model`, `serial_no`, `barcode`, `gst`) VALUES
(1, 'Pepper - Chilli Seeds Mild', '863', '100ML', 'FR31 6781 0865 222C RI7N OQSB A75', '60512-1007', '3576224631435330', '12'),
(2, 'Ostrich - Prime Cut', '91', '12PC', 'FR70 2720 4664 56WC LVHV S0L2 N02', '64764-337', '503881982690746231', '9'),
(3, 'Bols Melon Liqueur', '751', '1Package', 'AE93 8414 9162 6753 1098 113', '24385-494', '3566138097504532', '5'),
(4, 'Poppy Seed', '807', '1PC', 'PL27 7566 1518 8746 0474 9300 4415', '42291-338', '5602232016736365', '9'),
(5, 'Sprite - 355 Ml', '160', '2Box', 'HR97 5382 6968 4828 7115 1', '54046-000', '3537845204403699', '9'),
(6, 'Asparagus - White, Fresh', '374', '1Package', 'NL15 CGWE 8357 3352 46', '68169-0049', '3544406639206909', '9'),
(7, 'Wine - Vineland Estate Semi - Dry', '681', '100ML', 'DO59 WFSQ 4510 1341 8682 1693 7919', '0615-2547', '50389495433422613', '5'),
(8, 'Flounder - Fresh', '107', '10Box', 'SA21 04U8 PCBC EO9K 9EAP GBGB', '36987-2218', '4041374048802260', '12'),
(9, 'Olives - Black, Pitted', '985', '5PC', 'PT27 8370 0173 5993 1339 2973 5', '43353-906', '3544976134138062', '9'),
(10, 'Spice - Chili Powder Mexican', '141', '50ML', 'LU18 869K BP2Y MVDG 9HUD', '0536-3467', '5048378545305081', '5'),
(11, 'Sambuca - Opal Nera', '296', '1KG', 'PS68 TIYY WXBC RM2N IGIU JSTJ 3QZE Q', '63736-910', '6333437732372270652', '9'),
(12, 'Dried Cherries', '752', '50ML', 'AL10 1879 1790 RPH3 WNB1 HQ5K CBVV', '29500-907', '5610638750290528', '12'),
(13, 'Tabasco Sauce, 2 Oz', '546', '50ML', 'GI98 NOTN LPVT DLB2 I2G3 S7X', '55648-741', '675943423101485723', '9'),
(14, 'Wine - Pinot Noir Mondavi Coastal', '903', '10PC', 'CY51 4058 3078 MI0C DYYI 8QUL 9VL7', '15127-945', '201456920647600', '18'),
(15, 'Egg - Salad Premix', '775', '1KG', 'MD42 GO6F GUSF KEX1 0O0H V2XD', '54868-3742', '3531740318638874', '18'),
(16, 'Pomegranates', '422', '10Box', 'TN89 3173 5727 7273 0956 9141', '64942-1333', '3568525958010484', '9'),
(17, 'Ice Cream - Turtles Stick Bar', '338', '1KG', 'SA78 31GR CBFE G9FI 94CV 972H', '65044-1947', '67612713216195344', '18'),
(18, 'Bread - Roll, Italian', '527', '5PC', 'DE55 7073 4859 8211 4328 88', '58503-014', '3573751846181799', '5'),
(19, 'Dill Weed - Fresh', '619', '1PC', 'AE90 7394 3598 4797 2533 916', '58892-911', '3542458141184977', '12'),
(20, 'Tomatoes - Vine Ripe, Red', '309', '100ML', 'CZ84 0562 9329 8576 7066 0590', '55714-4565', '30378986464299', '9'),
(21, 'Cheese - Cheddar, Mild', '86', '1PC', 'HU89 6448 0880 4110 2828 2755 7351', '43857-0330', '3561374605956345', '12'),
(22, 'Wine - Acient Coast Caberne', '800', '1LTR', 'CZ19 1271 7010 0593 2082 9019', '50988-298', '6331108441222401', '18'),
(23, 'Pastry - Carrot Muffin - Mini', '329', '10PC', 'FR33 7863 3389 98DP MMEH CFSJ L24', '49614-118', '6331107663611213893', '5'),
(24, 'Napkin - Dinner, White', '381', '1PC', 'FO33 7907 7751 4416 31', '43742-0222', '3564015795826197', '5'),
(25, 'Potatoes - Idaho 80 Count', '578', '100ML', 'IT95 E945 5346 478H ITWI 0Q6K WHJ', '10147-0902', '6331101601975223', '12'),
(26, 'Pecan Raisin - Tarts', '389', '5PC', 'LB61 1876 IBEQ UKNI NORJ 5N2Z 8EYG', '65162-054', '493624227083567679', '18'),
(27, 'Juice - Ocean Spray Kiwi', '779', '5LTR', 'FR45 5084 4261 23ZY QLG1 5K7V W52', '11822-0456', '3535883924871202', '9'),
(28, 'Quinoa', '616', '10Box', 'FR66 1082 3412 70PD BLHI BM5Y S63', '35356-707', '060478360460498160', '12'),
(29, 'Beer - Blue', '301', '50ML', 'IL47 6768 1998 0946 9502 676', '49288-0208', '5048376281196946', '5'),
(30, 'Juice - Tomato, 10 Oz', '194', '1Package', 'LV20 RUQR I0YA BZS5 UGM9 Y', '49035-388', '5406744149072466', '5'),
(31, 'Basil - Dry, Rubbed', '908', '5PC', 'DE80 6162 5975 4335 9269 34', '60505-2615', '3569151404929927', '18'),
(32, 'Wine - Montecillo Rioja Crianza', '959', '10PC', 'SM70 O192 7758 221P ZXAR OPXH Q5L', '24385-361', '5498716212160450', '18'),
(33, 'Basil - Pesto Sauce', '853', '2Package', 'FI12 7592 0120 3131 50', '48951-1150', '5100175374768297', '5'),
(34, 'Wine - Chateau Aqueria Tavel', '658', '2Package', 'MU27 PKVU 3610 0455 5116 9135 568V CE', '0591-3671', '30551113051565', '18'),
(35, 'Flower - Dish Garden', '516', '2Box', 'IL12 2278 2973 8985 8803 076', '24208-657', '3532236889254968', '18'),
(36, 'Nantucket - Carrot Orange', '786', '2Box', 'CZ94 2989 5699 9760 4341 8654', '51715-001', '6334876792092295', '5'),
(37, 'Munchies Honey Sweet Trail Mix', '517', '2KG', 'HU89 4729 2750 8394 3192 8366 1493', '31190-100', '3562795252075675', '18'),
(38, 'Wheat - Soft Kernal Of Wheat', '474', '1LTR', 'DK02 6692 1483 6242 61', '69020-205', '4508145435463445', '9'),
(39, 'Pastry - Lemon Danish - Mini', '646', '1Box', 'LU67 3774 DTX0 NK9J UFQQ', '52959-031', '5602256418929484', '18'),
(40, 'Crab - Soft Shell', '922', '12PC', 'DO64 GHN2 8067 2616 1465 6539 9154', '54868-5246', '4175002584432501', '9'),
(41, 'Chocolate Bar - Reese Pieces', '850', '12PC', 'FR89 8473 7319 81NR XRCF TP4E P77', '0093-3129', '56022481725560260', '5'),
(42, 'Versatainer Nc - 9388', '57', '1LTR', 'FR96 7260 1975 83KN FDJF PCRP M25', '65841-693', '3546087329529277', '5'),
(43, 'Meldea Green Tea Liquor', '869', '10PC', 'VG17 RBVO 0747 2357 3586 2361', '57520-0778', '3562193558336480', '9'),
(44, 'Wine - Dubouef Macon - Villages', '135', '2Box', 'BG46 TOWO 1584 26ZU SIX0 S4', '57240-2003', '4913136379303563', '12'),
(45, 'Wine - Ej Gallo Sonoma', '72', '10Box', 'AD09 1496 1228 IRMY NAYM HVRJ', '64980-131', '5410050044517843', '5'),
(46, 'Jolt Cola', '506', '2KG', 'MK49 0603 N9JE GL42 C06', '76282-247', '30169862966576', '12'),
(47, 'Easy Off Oven Cleaner', '320', '1Package', 'FR16 8528 2998 94ML KCEN 5JLI 276', '59137-525', '6333255795088033', '5'),
(48, 'Vinegar - Raspberry', '201', '1KG', 'GT42 XPQW 6VD6 YUHI HBDH TGXO QHZ5', '53808-0634', '3534560617025111', '18'),
(49, 'Loaf Pan - 2 Lb, Foil', '655', '1KG', 'LT90 6244 0404 2322 9982', '56062-199', '5602235208519028', '9'),
(50, 'Chicken Breast Halal', '367', '12PC', 'IE43 POXU 0390 3466 9422 83', '53489-400', '4041597910108', '18'),
(51, 'Pasta - Gnocchi, Potato', '82', '5PC', 'IL77 0619 4781 9132 1478 917', '44567-506', '3538139941630486', '5'),
(52, 'Beef - Tenderloin Tails', '969', '2Box', 'GE29 TR30 8173 4489 4411 45', '0527-1378', '6767285993401451', '5'),
(53, 'Ice Cream Bar - Drumstick', '700', '100ML', 'MU26 DFYK 2990 6101 4602 5717 738N EK', '50988-191', '4913221263281040', '9'),
(54, 'Grenadine', '181', '1Package', 'AD86 4279 0110 TLZI LHRN FSNM', '11410-602', '3586830177803604', '12'),
(55, 'Glucose', '990', '1LTR', 'FR34 8954 0952 56LQ ZZHX LD8E S19', '0781-2325', '5567869243413988', '9'),
(56, 'Pork - Caul Fat', '386', '5PC', 'LT41 4593 7612 9685 8906', '46708-089', '502043654327286082', '12'),
(57, 'Nut - Pistachio, Shelled', '519', '2Box', 'DK44 8775 0257 6356 32', '49288-0455', '5100148386879147', '5'),
(58, 'Mushrooms - Honey', '221', '2KG', 'GE03 PI46 7492 1114 1445 14', '54182-001', '5007668095875601', '9'),
(59, 'Tea - Orange Pekoe', '70', '1LTR', 'GB49 KWDE 5389 9471 7196 76', '49288-0272', '30083150856722', '9'),
(60, 'Kale - Red', '144', '12PC', 'FR41 9536 0756 44I7 7OIR MGUW D36', '76168-064', '3582443615381623', '9'),
(61, 'Wine - Remy Pannier Rose', '171', '100ML', 'MK43 898K KFJ3 Q5DT T72', '54575-443', '3537812205385788', '5'),
(62, 'External Supplier', '197', '2Package', 'PL44 7198 6697 1698 1700 6162 5082', '52125-832', '3554495732741265', '18'),
(63, 'Muffin - Mix - Mango Sour Cherry', '881', '1Package', 'ME03 5225 7575 4421 6101 36', '0268-1018', '30560406441672', '18'),
(64, 'Beef - Texas Style Burger', '370', '2Box', 'DK79 0424 1243 1235 30', '21695-573', '3583323331530084', '9'),
(65, 'Appetizer - Crab And Brie', '751', '12PC', 'AE93 1669 3710 5654 3642 639', '36987-2363', '3580495045779604', '12'),
(66, 'Bamboo Shoots - Sliced', '858', '1Box', 'FR59 0305 2144 86TK U8JX IUKX B81', '55154-5724', '3565682902250543', '12'),
(67, 'Wine - Cotes Du Rhone Parallele', '889', '1Package', 'SI33 7680 1315 6911 647', '64125-906', '3538125794101485', '12'),
(68, 'Bread - Bistro White', '406', '5LTR', 'GT55 U8JR WLDZ NNMA ORFW QQRX 7IL3', '62011-0010', '6771549003931434866', '18'),
(69, 'Cookie Choc', '286', '1PC', 'PS98 EFWI CFA4 BFGK CGPS WKUI BNMD C', '0409-1304', '5602243076076766', '9'),
(70, 'Salad Dressing', '933', '2Box', 'FR41 5352 3559 83IF UAFI OOFH E33', '13107-074', '3561440326880591', '5'),
(71, 'Soup - Campbells, Lentil', '811', '1KG', 'BE44 3434 0129 4299', '0406-1170', '201916247870300', '9'),
(72, 'Mustard - Pommery', '352', '1Box', 'SM60 H909 0976 533A NKKI IBQC 9CR', '11822-6010', '4903514297496820', '9'),
(73, 'Wine - Chablis J Moreau Et Fils', '694', '100ML', 'LV77 CRUZ OGY7 HJKS 7ILM J', '49781-121', '633485233458328407', '12'),
(74, 'Ice Cream Bar - Hageen Daz To', '417', '5LTR', 'LT21 6127 2367 1916 3830', '49349-196', '3567022678866099', '9'),
(75, 'Beef - Rouladin, Sliced', '498', '50ML', 'FI72 9301 6009 0516 72', '57955-5163', '3553000563042444', '12'),
(76, 'Wine - Tribal Sauvignon', '923', '1LTR', 'NL13 SYPM 8560 8169 84', '36987-1475', '5108754147866430', '5'),
(77, 'Rice - Wild', '181', '50ML', 'FR25 3669 2813 42O2 A62A VKBL Y80', '63629-5270', '3555316533314392', '12'),
(78, 'Beef - Kindney, Whole', '758', '5PC', 'SI81 8701 1600 7108 864', '63323-284', '6377882051920554', '18'),
(79, 'English Muffin', '961', '1LTR', 'FR81 8219 4868 99PU D039 IVGC 277', '0067-6424', '5602242295112188', '18'),
(80, 'Wood Chips - Regular', '446', '5PC', 'PT61 7199 8235 9901 7536 5564 6', '10056-060', '3587243799207700', '18'),
(81, 'Wine - Prosecco Valdobienne', '989', '5LTR', 'ES63 5588 4924 2036 4634 5097', '63505-161', '3536673320832356', '12'),
(82, 'Cornflakes', '534', '1Box', 'FR62 3743 4770 13DZ WCJI XBX7 J17', '54868-4836', '3554315106730340', '5'),
(83, 'Island Oasis - Raspberry', '107', '12PC', 'FR27 7911 8303 63UC SOVV S3P6 P72', '0363-0980', '5243544560604665', '18'),
(84, 'Coke - Diet, 355 Ml', '288', '2Box', 'BH63 COCI 1KIM D0DR 7MEO AG', '0135-0559', '374622969175214', '5'),
(85, 'Sesame Seed', '477', '1LTR', 'EE42 1326 8634 4156 9629', '21695-191', '3551409413143991', '9'),
(86, 'Crab - Meat Combo', '651', '100ML', 'IS96 3791 7038 8475 8151 6656 97', '43063-530', '3554070592901083', '12'),
(87, 'Table Cloth 62x120 White', '291', '1Package', 'ME94 1533 6364 2031 6644 94', '61957-2100', '5506785516658204', '9'),
(88, 'Fish - Base, Bouillion', '559', '1PC', 'PK73 DBWM 7526 ZJTJ FF8X RROM', '30142-215', '5602247729760018114', '9'),
(89, 'Sprouts - Baby Pea Tendrils', '111', '50ML', 'FR55 5692 9793 98FL BIZ5 UGHM F48', '51138-061', '6331101777721104614', '9'),
(90, 'Cake - Pancake', '713', '50ML', 'FR47 6660 6854 19CS BRWC O9NA 878', '55714-4402', '3586975163139230', '9'),
(91, 'Wine - Maipo Valle Cabernet', '89', '50ML', 'LT04 4272 9660 0644 5414', '66382-223', '374288613556892', '18'),
(92, 'Rhubarb', '91', '50ML', 'CZ51 2851 9147 7292 5915 6979', '65663-024', '374288585101024', '9'),
(93, 'Coffee Cup 8oz 5338cd', '564', '5PC', 'SA22 50G3 5FEW HWQ7 DYQ0 ZLXR', '43857-0319', '4405098881209792', '5'),
(94, 'Appetizer - Crab And Brie', '791', '1PC', 'TN02 6542 8942 6861 7646 6703', '0024-5150', '5486782890972016', '12'),
(95, 'Coriander - Ground', '872', '1PC', 'HR70 3398 9123 8479 2700 9', '0168-0270', '5002353824465942', '18'),
(96, 'Lettuce - Romaine', '781', '5PC', 'LV94 DTYE L16I QUJF ASYM J', '43063-280', '3559764822449187', '5'),
(97, 'Cheese - Marble', '562', '5PC', 'GT35 OUUM YATI OCGP QGZW XTXS 1P3M', '0555-0923', '342591404598273', '18'),
(98, 'V8 - Tropical Blend', '513', '1Box', 'AZ24 XIEJ AW6S IDES RAMY O2TI Z793', '63029-611', '633485740474812826', '9'),
(99, 'Bread Sour Rolls', '507', '5PC', 'PL80 4941 5773 9572 6902 3217 8577', '63043-0001', '67624875985361146', '9'),
(100, 'Beer - Guiness', '951', '10Box', 'AE40 4598 3420 2973 7460 612', '21695-638', '6381532928938222', '9'),
(101, 'Transfer Sheets', '817', '1Package', 'FR18 6454 4022 14SE EJSW YWKE M01', '36987-1972', '30300477267916', '9'),
(102, 'Sugar - Individual Portions', '314', '2Package', 'DE13 8418 5030 0985 2404 28', '52565-013', '30337220867824', '18'),
(103, 'Dried Peach', '400', '2Package', 'FR51 5589 1037 13E8 THWB PT7G P55', '59762-1023', '5010126725154603', '9'),
(104, 'Shrimp - 150 - 250', '161', '1Package', 'FR87 2991 4588 62FU HWC9 AI1T Y44', '60760-019', '30076238960102', '5'),
(105, 'Garam Masala Powder', '545', '10PC', 'KW52 NRDW LWQL XTR0 RXOQ XTXN 4CPE LY', '50111-990', '5108755035242055', '9'),
(106, 'Steampan - Foil', '565', '1Box', 'NL38 TSDV 0091 6256 02', '55316-165', '560225568266655073', '5'),
(107, 'Smoked Paprika', '599', '50ML', 'FR22 8531 8997 09TX JXJN KAXP B72', '0074-3043', '3528579231029125', '12'),
(108, 'Coconut - Creamed, Pure', '724', '50ML', 'DO52 16YA 5844 0786 9467 2369 7573', '65364-110', '4917061190320438', '5'),
(109, 'Nectarines', '801', '2KG', 'PS87 DSIN APSF IYOG MBED BENQ FDNF S', '0703-5054', '3534599734598139', '18'),
(110, 'Edible Flower - Mixed', '909', '5LTR', 'NL65 ONTW 9297 0402 72', '49852-012', '5346076289687545', '5'),
(111, 'Yams', '430', '1Box', 'GB81 UMPM 7526 0787 7675 31', '54868-5103', '3562836086892164', '18'),
(112, 'Curry Paste - Madras', '774', '5PC', 'AD50 2820 9861 PCQ4 UXOZ 1WU3', '42702-102', '5517266056893862', '12'),
(113, 'Ecolab - Hobart Washarm End Cap', '861', '1PC', 'DK15 0655 7230 1936 32', '12634-438', '5100173185129122', '18'),
(114, 'Juice - Apple, 1.36l', '247', '50ML', 'GE28 DZ31 1025 2912 0784 63', '59428-359', '6771258372881365', '18'),
(115, 'Pasta - Orzo, Dry', '726', '2KG', 'FR57 2787 0475 97OT 6RAI GC6E C79', '0268-1139', '201711597868636', '9'),
(116, 'Coffee Beans - Chocolate', '321', '1KG', 'FR83 8231 9432 14ZL SWA0 PVDV L88', '55301-002', '3533121667673762', '12'),
(117, 'Corn Meal', '928', '10Box', 'BH50 ZLGT YVD9 LWIK G9LS MR', '42669-111', '3565934607089316', '9'),
(118, 'Wine - Fat Bastard Merlot', '500', '2Package', 'DK14 3239 9607 6004 72', '55312-393', '3530337860798270', '5'),
(119, 'Steampan - Lid For Half Size', '97', '10PC', 'SK46 5011 3411 1295 3764 3683', '0409-6781', '4405024574575158', '12'),
(120, 'Melon - Watermelon, Seedless', '915', '1KG', 'SA63 88R1 7OR8 XLAG A1II FOII', '49283-005', '6759405823370657836', '5'),
(121, 'Crab - Imitation Flakes', '712', '5LTR', 'FR80 7852 2999 48GX Q9ZW WO0J R07', '60512-6162', '3528835397031911', '9'),
(122, 'Shrimp - 16/20, Iqf, Shell On', '317', '10PC', 'AL87 3548 5115 SCB2 CHGU SRKK ATYT', '64117-178', '5602212992811333', '9'),
(123, 'Truffle Shells - Semi - Sweet', '753', '1Box', 'FR95 6106 3692 57C6 TFGW BIJJ E76', '64942-1259', '4669406796439506', '9'),
(124, 'Hickory Smoke, Liquid', '950', '100ML', 'HR05 2899 0648 8857 6262 0', '55714-2336', '5602238123331172', '12'),
(125, 'Pastry - Apple Large', '480', '2Box', 'RO33 RUSE 4WZP WI20 EMS3 01K4', '67544-373', '67063341389680043', '18'),
(126, 'Cheese - Cheddarsliced', '798', '50ML', 'HR48 8499 1532 6707 2401 7', '52125-615', '3568536120988184', '9'),
(127, 'Butter Sweet', '64', '1PC', 'SM08 X194 0892 734W IHRO YTAO 6KQ', '57520-0025', '30498827771155', '12'),
(128, 'Soup - Campbells Chili', '780', '1Box', 'FR70 7549 5421 64AM ZFNS OEH2 P30', '10191-1794', '201532274945731', '5'),
(129, 'Barley - Pearl', '81', '2Box', 'DO25 8WDO 2577 2304 1950 0536 4161', '52959-308', '5602241670908046', '9'),
(130, 'Venison - Liver', '362', '10PC', 'FR22 9009 9977 19XL WXMQ ZIBE I49', '68084-542', '676731228521382622', '9'),
(131, 'Peas - Pigeon, Dry', '483', '12PC', 'SK22 2828 0097 1385 2086 5774', '10742-8293', '5519791491308059', '5'),
(132, 'Flour - Strong Pizza', '619', '5PC', 'MC43 7898 3226 63OV 2AYE KEEW I71', '68258-7114', '4508863726428519', '12'),
(133, 'Cake - Cheese Cake 9 Inch', '397', '1LTR', 'DK54 6157 0844 3168 17', '65342-2050', '50189567420618585', '18'),
(134, 'Wine - Fino Tio Pepe Gonzalez', '796', '1Package', 'RS29 2996 7603 4171 8356 98', '0338-1005', '3560152261509496', '5'),
(135, 'Flax Seed', '796', '10Box', 'KZ93 357Z KZCX JTEC OSFC', '55305-116', '5516099746785755', '5'),
(136, 'Extract - Raspberry', '387', '1KG', 'PS13 AXUF HZVU CDIZ DEL9 DPQP R6PZ K', '54868-5249', '5108751783671488', '12'),
(137, 'Sea Bass - Whole', '345', '1LTR', 'BR37 0967 1677 8749 2210 1722 905K M', '33261-050', '337941716405880', '5'),
(138, 'Horseradish - Prepared', '239', '12PC', 'MR63 1408 4215 3412 2591 6932 067', '25113-222', '6388165487700403', '5'),
(139, 'Gatorade - Orange', '894', '12PC', 'SM28 I660 5649 2876 9ZIR EDOZ 8S1', '16590-349', '5229428460589085', '5'),
(140, 'Muffins - Assorted', '419', '5LTR', 'MD84 MKW1 MND6 8CKT MAIP W6RL', '33261-027', '4405133873760732', '12'),
(141, 'Pepper - Chili Powder', '602', '50ML', 'GT39 BGYQ WFGF BOZK OXPB QGFW 2XJK', '44924-006', '3529300991050030', '9'),
(142, 'Sprite - 355 Ml', '759', '10PC', 'MR39 3626 4408 7572 9185 8353 343', '11045-0303', '4405312202152379', '5'),
(143, 'Praline Paste', '961', '5LTR', 'CZ81 8744 4665 8814 4243 5356', '60681-2702', '3577272486970678', '12'),
(144, 'Cake - Box Window 10x10x2.5', '977', '2KG', 'FR18 9896 1472 13GQ SJNV UGMC R84', '46581-670', '67710179913445898', '9'),
(145, 'Pepper Squash', '209', '2Package', 'AT29 4437 4139 2934 6726', '60631-080', '3548719227214598', '18'),
(146, 'Bread Crumbs - Japanese Style', '351', '2Package', 'FR63 1206 0813 67QZ OD2N HTDD C76', '63730-304', '5108753158480941', '12'),
(147, 'Crawfish', '139', '5LTR', 'FR45 8665 2954 40ZN 017H M8AQ P39', '62756-513', '3545885495165193', '5'),
(148, 'Ecolab - Solid Fusion', '368', '1KG', 'AD80 1416 9175 BRFT DPXU IJD0', '55289-154', '201837403436209', '9'),
(149, 'Ice Cream - Turtles Stick Bar', '733', '1Box', 'BA90 4812 6159 6409 2852', '60760-465', '3545549292927631', '12'),
(150, 'Lid - 3oz Med Rec', '759', '10PC', 'FR49 0475 8717 29DY QN2M QCO3 A19', '67046-271', '3554815313730215', '9'),
(151, 'Wine - Fume Blanc Fetzer', '121', '1Box', 'FR64 7378 7047 835J O8GU C8DH 851', '76354-005', '4905517064327112494', '12'),
(152, 'Burger Veggie', '994', '10PC', 'FR53 2330 6883 32DQ JQOO OI7L 938', '0074-9296', '5602215794196787', '9'),
(153, 'Chocolate - Pistoles, White', '605', '1KG', 'IT60 W403 2813 367Z 1IVE 0X4A PXY', '21695-245', '5602259320666483', '12'),
(154, 'Wine - Cava Aria Estate Brut', '153', '2Package', 'SK08 6170 0699 2737 2859 1647', '53808-0836', '4405335561959324', '12'),
(155, 'Pomello', '590', '1LTR', 'BR51 5498 0237 3223 9280 0212 324R C', '53499-6333', '3531354462240170', '12'),
(156, 'Molasses - Fancy', '517', '50ML', 'FR24 3271 6970 10ZG CRTN HBKS Z97', '49288-0848', '3562342382549350', '12'),
(157, 'Puree - Strawberry', '274', '1Box', 'KW51 VZXV Z9VI I37B LS8Z GMNG GIYG JW', '65517-0015', '6762710683485385911', '9'),
(158, 'Cookies - Fortune', '763', '1Box', 'CZ88 2379 4313 8356 7012 5068', '43742-0161', '3542566695664424', '9'),
(159, 'Anchovy Fillets', '768', '12PC', 'LU43 2007 KUFJ IIO8 0CLH', '68169-3050', '3553596279777553', '5'),
(160, 'Rabbit - Whole', '997', '100ML', 'CZ49 4686 3468 5973 3924 7170', '51444-004', '561027629215120847', '18'),
(161, 'Chilli Paste, Sambal Oelek', '337', '1KG', 'CY47 0889 6053 24ZE HP3A JJK3 XXU0', '67226-2230', '5602245521122515859', '12'),
(162, 'Sauce - Soya, Light', '479', '12PC', 'GE21 CI80 3252 1389 7870 73', '49349-009', '3578649726807829', '5'),
(163, 'Butter - Unsalted', '860', '2Box', 'GR08 9617 5264 XFPY YBDE GBWP BSL', '68693-004', '6759443836935512', '18'),
(164, 'Appetizer - Crab And Brie', '304', '2Box', 'NO82 5609 2236 385', '50063-003', '5302645210514366', '18'),
(165, 'Pail With Metal Handle 16l White', '727', '50ML', 'IE30 RXIW 5115 2332 3688 13', '0615-7624', '5490857009911883', '5'),
(166, 'Water - Green Tea Refresher', '813', '1LTR', 'LT37 3481 0676 3320 1478', '21695-335', '3586847423636463', '9'),
(167, 'Mushrooms - Black, Dried', '737', '5PC', 'DE71 9321 6818 6278 1164 93', '0006-4992', '30529655754705', '18'),
(168, 'Chivas Regal - 12 Year Old', '597', '1LTR', 'FO86 7056 8131 6989 02', '59078-027', '633110062984312152', '12'),
(169, 'Lamb - Sausage Casings', '209', '50ML', 'DO21 NXDN 4348 2790 0621 3583 0233', '68828-098', '3543392038260575', '9'),
(170, 'Lettuce - Spring Mix', '267', '100ML', 'FR08 1601 6278 05PS AQNC V4NZ 390', '51655-875', '3583714437727931', '9'),
(171, 'Pepper - Orange', '242', '10Box', 'HU57 2949 0407 5250 0222 5774 2592', '0496-0778', '3556104006896270', '18'),
(172, 'Wine - Jackson Triggs Okonagan', '822', '100ML', 'AZ86 QKWW KAVP CRF9 DMQA 9EE4 JBK5', '13668-135', '3585097489414634', '12'),
(173, 'Veal Inside - Provimi', '137', '1KG', 'RS45 1751 2464 0122 9736 63', '50666-007', '374639617659225', '12'),
(174, 'Chips Potato Swt Chilli Sour', '570', '10PC', 'MK34 250C UN0G AGJT V42', '65044-5008', '3568309339850623', '5'),
(175, 'Orange Roughy 4/6 Oz', '734', '1Box', 'FR97 0168 3745 97GD WEB8 W5SJ 012', '68258-8905', '6706753862640917413', '12'),
(176, 'Beans - Soya Bean', '580', '10PC', 'PL96 0284 1460 9819 5142 0665 5444', '57520-0336', '6771658386332513', '12'),
(177, 'Muffin Mix - Banana Nut', '556', '10Box', 'SA88 06NW OK53 5MEM GSU8 4MK5', '49884-277', '3561564755474996', '9'),
(178, 'Silicone Paper 16.5x24', '82', '2Package', 'FI29 0371 8780 2026 72', '63304-828', '4913830211650310', '5'),
(179, 'Mushroom - Porcini, Dry', '642', '10PC', 'SE20 1680 5847 7852 1993 6251', '68308-775', '4917261555016072', '12'),
(180, 'Tuna - Fresh', '795', '1PC', 'SI90 8777 8109 2532 363', '52810-214', '6304576177545760', '18'),
(181, 'Napkin Colour', '106', '12PC', 'MC66 4936 7024 47YV SZRU RT4O G30', '61727-341', '3555390030636243', '5'),
(182, 'Ecolab - Medallion', '364', '10Box', 'MD85 JQ3G GEOB ZAOJ CJPE CJKB', '50436-7216', '5513703361637190', '5'),
(183, 'Bread - Corn Muffaletta', '422', '1PC', 'ME73 7721 0710 7151 4977 33', '49288-0598', '3570919995601395', '5'),
(184, 'Flour - All Purpose', '136', '12PC', 'GE75 ST84 9855 3402 0364 12', '54868-4572', '30473572373192', '12'),
(185, 'Beans - French', '962', '50ML', 'LV82 GCVV WEYZ SMP6 PTGK Y', '42023-125', '4017957063076', '9'),
(186, 'Frangelico', '77', '10Box', 'GR76 9322 368A WQHB AGDQ ZXNT 9DX', '68084-317', '30086428455110', '5'),
(187, 'Soup - Knorr, Ministrone', '668', '2KG', 'FR15 4615 0391 08WB K8JO BUQK Y38', '41163-557', '3559226513443663', '18'),
(188, 'Cheese - Cream Cheese', '265', '2Package', 'SA33 43WN MKKT PFWY A2UU LITK', '59779-424', '5893551567064366', '18'),
(189, 'Cheese Cloth No 100', '409', '12PC', 'FR87 7969 7909 93XC LOWA YIS4 508', '0517-4602', '5641820439190781', '9'),
(190, 'Beef - Diced', '512', '10Box', 'KW80 ROUF FLIM 0S8Q 7FAN ZADL JEVT WC', '37000-410', '5602231193398403', '5'),
(191, 'Bread - Kimel Stick Poly', '934', '1KG', 'SI96 3046 4035 1318 243', '16129-002', '5610246050342351', '18'),
(192, 'Pail - 4l White, With Handle', '455', '2Package', 'CY51 8320 2545 0VGB Q2JF 4BSV SUID', '68645-458', '3528121651192313', '9'),
(193, 'Eel Fresh', '930', '5LTR', 'FR46 3254 7425 48IW P0JS K9QD R32', '10812-837', '201923144435039', '9'),
(194, 'Extract - Rum', '510', '2KG', 'SI29 2346 7099 5693 511', '42254-160', '3548902351022850', '5'),
(195, 'Cabbage Roll', '909', '12PC', 'PL41 0834 9200 3867 1705 4563 8598', '42291-287', '4041591541170081', '12'),
(196, 'Capon - Whole', '439', '2Box', 'CZ19 2116 3320 2309 8485 1251', '51531-6743', '201825666901928', '5'),
(197, 'Mushroom - Shitake, Fresh', '904', '10PC', 'DO49 OIXX 2207 0415 3082 3928 3437', '49288-0220', '3577368994626669', '18'),
(198, 'Soup Campbells - Italian Wedding', '180', '1LTR', 'AT02 1530 5635 4934 4268', '37000-835', '3582410186990587', '12'),
(199, 'Onions Granulated', '927', '50ML', 'DE90 8515 7741 7741 7014 40', '65903-361', '5893170977813369', '9'),
(200, 'Cheese - Stilton', '896', '1LTR', 'NO05 3609 3527 484', '36987-2944', '3555440870868123', '9'),
(201, 'Snapple Raspberry Tea', '422', '1LTR', 'PS47 OTAE GOWX PNXN TM5V PRCA F94H U', '69124-001', '3575824736051204', '9'),
(202, 'Chinese Lemon Pork', '220', '1Box', 'FR38 6405 9458 69N5 Q6BG 43YL D64', '52125-721', '3584818038927151', '9'),
(203, 'Chestnuts - Whole,canned', '531', '2KG', 'HR40 7414 1098 6770 9026 2', '49483-342', '337941649211710', '12'),
(204, 'Bread Base - Toscano', '94', '2Package', 'DK06 2505 1730 3775 50', '50458-640', '5038662512601263', '5'),
(205, 'Chinese Foods - Pepper Beef', '412', '2KG', 'EE93 3459 2300 4823 0839', '52125-217', '6759530325440093', '9'),
(206, 'Lamb - Leg, Diced', '547', '2Package', 'AD94 2646 1980 MEIX OLHL SO6O', '59528-0317', '30582760945700', '18'),
(207, 'Pecan Raisin - Tarts', '363', '1Package', 'FR03 4498 8356 32GO 9J0N ATOQ C94', '58118-5483', '5256578425183089', '12'),
(208, 'Lettuce - Escarole', '257', '10PC', 'NO38 2544 7320 505', '53808-0281', '3560278151618574', '5'),
(209, 'Milk - Condensed', '315', '100ML', 'IT78 C807 9917 763P GQZV DHJD QJX', '54679-0001', '3538972482678377', '18'),
(210, 'Table Cloth 144x90 White', '61', '2Package', 'GL92 7114 5267 7745 41', '13551-210', '675981523820339326', '18'),
(211, 'Nantucket Apple Juice', '154', '1Box', 'SI29 3811 0627 2450 251', '49580-4506', '5610157350777503', '9'),
(212, 'Pie Shell - 9', '973', '50ML', 'SA58 33S3 BFFF H2AV IKFI DYRA', '36800-072', '374622078545026', '9'),
(213, 'Sauce - Cranberry', '605', '50ML', 'AD60 0821 4854 EIV8 JI6Y JUIK', '62011-0082', '3549262099552711', '9'),
(214, 'Ecolab - Hobart Washarm End Cap', '509', '5PC', 'IL53 5109 5868 7754 8654 017', '59779-212', '5588414445439641', '9'),
(215, 'Coffee Cup 16oz Foam', '445', '100ML', 'NO06 2580 1851 716', '55253-071', '3553771201758571', '5'),
(216, 'Veal - Kidney', '328', '1LTR', 'BE87 1118 0834 1155', '64203-020', '5893187779434402001', '18'),
(217, 'Calypso - Black Cherry Lemonade', '519', '1Package', 'SI38 4976 2672 1892 502', '57525-013', '4913855366997323', '18'),
(218, 'Calypso - Lemonade', '216', '1LTR', 'FR98 1282 0268 00NG XN82 QUTD N46', '60533-005', '374622616538202', '5'),
(219, 'Bread - Corn Muffaleta Onion', '489', '5LTR', 'CZ43 1561 7931 3565 1836 5963', '52964-1001', '5324685296094986', '5'),
(220, 'Lemon Pepper', '198', '10Box', 'DO70 PC2M 0640 5851 1010 2866 8677', '13107-119', '060431453524642448', '5'),
(221, 'Grapes - Black', '185', '10Box', 'FR16 8040 4883 03YL OKR5 RPER Q97', '11559-932', '5602226885150552412', '18'),
(222, 'Bread - Dark Rye', '412', '2Package', 'FR22 9491 5015 521P FHWR IENX O92', '0591-3593', '5100132825135832', '12'),
(223, 'Bread - Wheat Baguette', '159', '2KG', 'ES44 1167 2260 1739 5112 7345', '65862-040', '346176364071267', '5'),
(224, 'Tea Leaves - Oolong', '587', '2Package', 'CY88 4988 7189 YFU9 IYRJ SCUT X5TD', '36987-3361', '5602231589495268', '18'),
(225, 'Muffin Hinge 117n', '766', '1KG', 'MR33 2037 6701 6592 7562 0842 146', '55154-2432', '5602232141016949', '18'),
(226, 'Macaroons - Homestyle Two Bit', '408', '50ML', 'FR77 6784 8548 94PB DCSO PUCK 621', '11489-070', '30231756708140', '5'),
(227, 'Parsley - Dried', '999', '50ML', 'GB93 RBOV 5112 8896 5650 09', '76420-520', '3561587511844210', '5'),
(228, 'Trout - Hot Smkd, Dbl Fillet', '161', '12PC', 'SK31 4249 8445 9207 3780 4515', '66096-113', '201550486644041', '5'),
(229, 'Spic And Span All Purpose', '53', '2KG', 'NL02 BUVC 7617 7157 68', '0074-6316', '4903302916533243', '12'),
(230, 'The Pop Shoppe - Lime Rickey', '883', '50ML', 'CY50 5529 6021 S3DH 3MP8 EZSU MYBA', '68016-146', '201662783435716', '5'),
(231, 'Lighter - Bbq', '696', '1KG', 'MD90 7G27 LUDL ZMCU GFQU 2WOZ', '50991-597', '3579646585665263', '12'),
(232, 'Wine - Zinfandel Rosenblum', '501', '1PC', 'PT15 9791 4068 1771 5038 1130 9', '43063-498', '337941860049880', '18'),
(233, 'Bar Mix - Lime', '473', '5LTR', 'GR69 0628 162V RYMD EJO2 HGDK H5O', '63354-026', '6377398927075861', '12'),
(234, 'Cranberries - Fresh', '251', '1KG', 'PS79 FBBU PZ4S HIYL ZNT5 R2RV 2SGA 4', '13537-240', '4041594011184889', '18'),
(235, 'Pork - Hock And Feet Attached', '979', '1KG', 'LV55 UDVM GEL4 TGXJ U2YA 5', '59779-698', '3530669329028737', '5'),
(236, 'Beef Ground Medium', '591', '2Box', 'PS93 ZUQD YDXV MHXI IKIT VPPN AKIQ 6', '49348-752', '5446964263383992', '9'),
(237, 'Coffee Caramel Biscotti', '443', '10PC', 'FR73 5396 9934 09DS YXYY T4UP Q85', '36987-2010', '3566989379584471', '12'),
(238, 'Energy - Boo - Koo', '718', '10Box', 'IS54 9361 2791 5003 1186 5054 83', '49999-451', '5002351962340539', '12'),
(239, 'Sugar - Sweet N Low, Individual', '149', '100ML', 'SI65 4060 1038 1328 685', '0220-9062', '4903615773828669648', '12'),
(240, 'Pasta - Rotini, Dry', '77', '1LTR', 'HR81 2085 2856 1007 7681 5', '61919-099', '67711144377968347', '9'),
(241, 'Foam Cup 6 Oz', '105', '1Package', 'LU30 455F 8BF8 V9PR QE6O', '0268-0943', '670635107751944147', '12'),
(242, 'Puree - Pear', '953', '2Box', 'PL54 6327 1181 4216 9676 3553 2181', '61919-126', '3570888944381476', '9'),
(243, 'Monkfish Fresh - Skin Off', '124', '1Box', 'FR04 2808 1261 02U0 25JD FGGS P20', '64376-650', '3581658460900943', '12'),
(244, 'Chicken - Thigh, Bone In', '251', '5PC', 'FR28 6965 3769 94OT ELSQ DCEN 232', '0173-0716', '4913572727685907', '9'),
(245, 'Rice Wine - Aji Mirin', '374', '1KG', 'KZ04 7951 DIVW 3KPD QRQW', '49349-599', '201911079834904', '5'),
(246, 'Tomatoes - Yellow Hot House', '718', '12PC', 'FR84 8339 6751 88HO N0TX U9X0 R12', '68752-022', '63041894707518176', '18'),
(247, 'Toothpick Frilled', '527', '5LTR', 'AT58 8095 3751 5360 0999', '58161-155', '56022291163180228', '18'),
(248, 'Pineapple - Regular', '378', '2KG', 'MU20 GTWA 0355 8416 6243 4071 227V TN', '58411-193', '3560045008912959', '18'),
(249, 'Sardines', '194', '2Package', 'AT62 4077 6231 3090 5857', '68828-128', '30003406223154', '18'),
(250, 'Gelatine Leaves - Envelopes', '430', '1Package', 'FR22 6654 4261 58HR YMCG PBQF X35', '64117-986', '4026957816110020', '9'),
(251, 'Turkey - Breast, Smoked', '744', '10Box', 'TN77 6021 2507 4455 7190 0257', '43319-030', '3541735492304465', '9'),
(252, 'Veal - Insides Provini', '809', '12PC', 'MC05 3884 7538 02RK HYCW X9WA W27', '54575-945', '3588325904331464', '18'),
(253, 'Beef - Chuck, Boneless', '274', '2Box', 'HU69 7316 2507 1733 4941 4010 8698', '0065-0638', '3584428006266770', '12'),
(254, 'Vermacelli - Sprinkles, Assorted', '993', '2Box', 'GL27 5158 8105 9297 59', '62011-0057', '589392670922164650', '18'),
(255, 'Butter - Salted', '716', '10Box', 'MC91 7513 4678 20SY G0WV LWB0 U89', '59762-6002', '3546552552880788', '5'),
(256, 'Juice - Cranberry 284ml', '668', '1Package', 'CY79 7649 2481 C4QR K4Y9 K6KF K2AW', '55714-2261', '3538218647979841', '5'),
(257, 'Burger Veggie', '698', '100ML', 'BR73 7059 4506 2411 5617 1179 451B O', '64942-0731', '374283617976170', '12'),
(258, 'Yogurt - Raspberry, 175 Gr', '145', '10PC', 'MK19 634B RYR2 KJSN F58', '27789-911', '3566936600787787', '12'),
(259, 'Salt - Celery', '184', '2Package', 'RS52 3159 8905 3291 6986 28', '63830-544', '374622543790819', '9'),
(260, 'Muffins - Assorted', '365', '2Package', 'RS02 0438 9681 0916 7116 35', '55312-664', '201963376286791', '9'),
(261, 'Spice - Onion Powder Granulated', '249', '1PC', 'IE93 QOFX 5034 0030 9356 20', '0338-0503', '3548185698463322', '18'),
(262, 'Slt - Individual Portions', '953', '10PC', 'NO50 8262 3533 789', '11399-005', '3540430470860123', '18'),
(263, 'Tea - Herbal Orange Spice', '447', '1Package', 'AT96 7923 2619 7516 5349', '11673-519', '6763892466117995', '9'),
(264, 'Water - Mineral, Carbonated', '647', '100ML', 'IL50 3472 8696 0334 6767 641', '51009-166', '3574897010740396', '5'),
(265, 'Steampan Lid', '482', '1LTR', 'CZ06 7575 6148 2121 3917 8065', '10014-007', '3572121317000095', '18'),
(266, 'Soho Lychee Liqueur', '768', '12PC', 'CR71 6819 4306 4306 2579 0', '0781-3416', '3586732326261645', '9'),
(267, 'Dried Figs', '394', '1PC', 'MD44 94US YBSQ D7TD MD87 5AYR', '55038-023', '5100149147367455', '12'),
(268, 'Anchovy In Oil', '343', '2Box', 'NO07 2957 4033 967', '57237-025', '3544045277086866', '12'),
(269, 'Carbonated Water - Blackberry', '941', '1Box', 'AD19 4591 0826 LZIV YTTT LEEW', '64942-1179', '491173115942082973', '5'),
(270, 'Table Cloth 81x81 Colour', '633', '1Box', 'PK71 LZOI JYWJ Z4C5 IZNX ZBG5', '49349-465', '5183079534059078', '9'),
(271, 'Bread - Assorted Rolls', '556', '2KG', 'RS46 8182 8493 0294 8130 81', '54272-201', '676291141260935611', '12'),
(272, 'Wine - Saint Emilion Calvet', '680', '1PC', 'AL74 2528 5166 B5GD DRPH JGSA TKMG', '58118-0795', '3571297823447391', '5'),
(273, 'Cafe Royale', '340', '2Package', 'FR45 9186 9512 73LJ 0JRL B1IH U57', '55316-897', '6331107300135308', '12'),
(274, 'Cherries - Bing, Canned', '649', '50ML', 'FR78 7552 5076 56SP XF9G BS82 W80', '55910-541', '5641829932036044856', '5'),
(275, 'Cheese - La Sauvagine', '701', '2Box', 'BE08 5768 3945 6686', '59062-1219', '67634910981448619', '12'),
(276, 'Food Colouring - Pink', '823', '2KG', 'FR44 0669 6487 75GQ MLRE FYL8 C56', '68084-740', '3528458628941129', '12'),
(277, 'Plasticknivesblack', '287', '1Box', 'GR47 6408 270L O1PM SNKT PQB8 SXT', '51514-0212', '201616507190056', '5'),
(278, 'Browning Caramel Glace', '994', '10Box', 'PS04 GVXM TJSQ TXTX TAGU DBQS PQ9W R', '76485-1044', '6709006313801335358', '18'),
(279, 'Island Oasis - Mango Daiquiri', '333', '1Box', 'GI09 DYOM CBKU TSMV WM9J NYX', '51672-4066', '3534190322208990', '5'),
(280, 'Chicken Breast Halal', '683', '1KG', 'NO55 0595 4295 938', '0024-5843', '56105873026705927', '5'),
(281, 'Sauce - Thousand Island', '566', '1Package', 'SE42 0809 0246 6882 0558 7405', '62135-984', '3543111427331460', '12'),
(282, 'Soup - Campbells, Chix Gumbo', '297', '1LTR', 'GE84 YZ42 9776 9285 2714 73', '52670-566', '56022130692341275', '5'),
(283, 'Juice - Grape, White', '900', '2Box', 'GR77 0179 820I OZXJ EMQI GS0T RKI', '55315-255', '3587903328038872', '9'),
(284, 'Spice - Chili Powder Mexican', '344', '1KG', 'MR43 5508 2754 4536 4494 5243 296', '53329-167', '3574470699261728', '12'),
(285, 'Cattail Hearts', '162', '2KG', 'FR52 5635 2487 68IA GWIY XKTE T85', '51514-0218', '3587164396118910', '9'),
(286, 'Cheese - Fontina', '840', '1PC', 'SI82 2092 8753 2672 091', '41595-5528', '372301676677943', '18'),
(287, 'Oil - Shortening - All - Purpose', '756', '1KG', 'AE83 1780 3490 0287 4914 384', '36987-2614', '6759371611850872441', '12'),
(288, 'Chutney Sauce - Mango', '363', '10Box', 'FR47 4508 1188 55GI KPHO B2HT L55', '63323-318', '5108758640672716', '9'),
(289, 'Beef - Eye Of Round', '489', '2KG', 'MK63 951O UDTM EAN7 B90', '43742-0499', '4458958651453', '18'),
(290, 'Muffin Mix - Raisin Bran', '632', '2Package', 'IS15 3389 9580 4037 1485 4440 82', '0093-2274', '3544393701785186', '18'),
(291, 'Soup - Campbells Beef Noodle', '368', '1Box', 'IL32 9946 6268 2261 3217 856', '53808-0273', '3555103650037158', '9'),
(292, 'Melon - Watermelon Yellow', '347', '12PC', 'HR51 1874 3341 5791 1254 6', '54868-5031', '5602221817544631', '5'),
(293, 'Coffee - Colombian, Portioned', '310', '2KG', 'AD46 2793 9487 91CS 6ELD AWOO', '68682-372', '3542522101452037', '5'),
(294, 'Schnappes Peppermint - Walker', '649', '2Package', 'IT20 N710 4070 932E WQQL S99G ZTY', '37000-101', '3575162318186357', '12'),
(295, 'Rice Pilaf, Dry,package', '819', '100ML', 'SM97 F830 5396 735I QHLX RL5C XMG', '59726-027', '3578952436334914', '9'),
(296, 'Wine - Remy Pannier Rose', '265', '1LTR', 'PL09 3534 4251 5598 9876 5676 5253', '65044-0828', '3547558497210097', '12'),
(297, 'Rambutan', '750', '2Package', 'DO51 TDMD 1946 4470 6011 9047 9604', '0091-3324', '6331109131433277619', '5'),
(298, 'Cup - 6oz, Foam', '414', '1KG', 'TN77 1545 8861 5805 4314 1054', '51514-0328', '3528625583603833', '9'),
(299, 'Cookie Dough - Double', '73', '5LTR', 'HU47 2546 4079 3936 8420 3529 1812', '0093-9133', '4903131474461753592', '18'),
(300, 'Table Cloth 53x53 White', '244', '100ML', 'BE38 6185 1743 2566', '24236-577', '4913969638820062', '5'),
(301, 'Croissant, Raw - Mini', '518', '5LTR', 'KW34 JMXZ SZSP EMOT W6T7 H7QH QHWU U0', '0574-0241', '374622412927054', '12'),
(302, 'V8 - Berry Blend', '342', '1KG', 'FR95 1751 4238 48SB OU3X CYCI V72', '0781-5345', '5018142371839951', '12'),
(303, 'Melon - Cantaloupe', '211', '1Box', 'PS16 TRFN FSBF MQN3 SV3S DI45 BP6Z 1', '0179-1470', '3559666923553397', '18'),
(304, 'Icecream Bar - Del Monte', '59', '2Box', 'MT95 PJZA 6913 4BBQ ZG0M VJJY XZOG DBJ', '41520-328', '6706209824553034784', '12'),
(305, 'Goat - Whole Cut', '375', '100ML', 'FI02 5291 0745 1275 16', '54575-110', '3559208407635323', '12'),
(306, 'Mackerel Whole Fresh', '582', '1PC', 'BH98 KNLM PYKQ HTZD WQVG DC', '33261-900', '56022396721315172', '18'),
(307, 'Tofu - Soft', '518', '2KG', 'BH49 IGJK JQHA KKPO 6P9R X8', '49967-728', '5428117175680789', '9'),
(308, 'Cup Translucent 9 Oz', '462', '2KG', 'SI40 0682 6997 9851 382', '47335-679', '4860355835540', '12'),
(309, 'Pear - Halves', '737', '1KG', 'LB88 4021 CLPB 1YCJ ZNJU FAVB 8TCQ', '0093-1061', '3549159745785689', '9'),
(310, 'Amaretto', '926', '5PC', 'MU94 REKC 0188 4306 1040 6357 705W JJ', '49288-0420', '5602243839252944', '9'),
(311, 'Crab - Blue, Frozen', '525', '2Box', 'LT50 8962 5623 7686 6933', '59779-376', '3541057979379286', '5'),
(312, 'Wine - Toasted Head', '757', '100ML', 'SA78 335X TRTT WEV4 I8SB JEUB', '43857-0282', '503808917791573340', '5'),
(313, 'Stock - Beef, Brown', '66', '10PC', 'GR22 2458 908E FRVR XUNN 9JKE YEI', '49349-951', '6374488194215820', '5'),
(314, 'Eel - Smoked', '773', '2Package', 'RO47 ZTAD NGOB QTL3 FBGZ Z6NV', '42537-024', '3556140845101266', '5'),
(315, 'Chinese Foods - Thick Noodles', '969', '5PC', 'VG88 DWBH 7044 1495 3762 8284', '53808-0900', '370040205692302', '12'),
(316, 'Bread - Crumbs, Bulk', '99', '10Box', 'AE39 9245 2619 7367 7687 682', '67253-383', '4936652599742807749', '18'),
(317, 'Pepper - Paprika, Spanish', '94', '2Box', 'PS51 XUNP OYSK LXHR I4CX QF3F CRE5 U', '0056-0168', '676143667293785953', '9'),
(318, 'Egg Patty Fried', '453', '10PC', 'MK61 853J UUVH B5SM 736', '43772-0007', '3548449654421231', '5'),
(319, 'Sprouts - Baby Pea Tendrils', '988', '1LTR', 'ME18 7384 2471 0472 8393 54', '51444-004', '3549656336695953', '18'),
(320, 'Nori Sea Weed', '309', '5LTR', 'DK44 0512 5192 3018 00', '0378-7110', '5602248951721188', '9'),
(321, 'Five Alive Citrus', '115', '5LTR', 'BG79 NGVQ 0905 36VJ DLLG MJ', '43598-390', '560223401464859093', '18'),
(322, 'Squid - Breaded', '655', '2Package', 'GT03 H3WF KCOT 4LPI WEHP BHDE 7V0K', '10742-6757', '4175004516099085', '18'),
(323, 'Shiratamako - Rice Flour', '673', '10PC', 'BE47 0962 4460 4963', '70253-453', '3577634447953186', '5'),
(324, 'Pea - Snow', '107', '1PC', 'AT86 4978 0036 1305 9531', '62362-184', '5519244722594436', '18'),
(325, 'Mix Pina Colada', '483', '50ML', 'VG37 BSHQ 6525 0611 7963 5826', '41163-964', '3574039827748730', '9'),
(326, 'Laundry - Bag Cloth', '660', '1Box', 'FR70 5392 0931 06GU X0AU PGEM R40', '67544-884', '3567134581318884', '18'),
(327, 'Sprite - 355 Ml', '379', '1KG', 'FR10 0481 6580 36GX PBGU NVBP A68', '29860-213', '6379316437190150', '9'),
(328, 'Bread - Pita', '84', '1LTR', 'FR08 3756 2226 05I7 TUHW 6DAT I81', '55289-066', '3579008118011681', '18'),
(329, 'Coffee - Decaffeinato Coffee', '899', '1PC', 'GL51 6630 5012 8586 48', '68647-180', '3542268796615567', '12'),
(330, 'Muffin - Carrot Individual Wrap', '396', '1KG', 'DE30 9634 0805 9825 5037 92', '53798-010', '5610335983411829', '9'),
(331, 'Skirt - 29 Foot', '479', '1LTR', 'TR16 1934 3FBK GPZV RSNT I90X ER', '52138-100', '3578334816695489', '5'),
(332, 'Pickle - Dill', '269', '1KG', 'NO75 2597 4407 557', '0310-0274', '4026393661423419', '5'),
(333, 'Cake - Cheese Cake 9 Inch', '917', '2KG', 'NO87 2607 1507 057', '59762-5019', '5100144383770173', '9'),
(334, 'Gelatine Powder', '432', '1Package', 'FR25 3907 9281 89AO YXX7 TOJ8 L91', '63777-217', '6387429954608379', '18'),
(335, 'Island Oasis - Mango Daiquiri', '104', '2Package', 'FR85 2514 5616 337A KCO4 YBB9 857', '16590-061', '6761244630062644', '12'),
(336, 'Longos - Penne With Pesto', '333', '1KG', 'BR71 3279 4553 3048 5400 3116 659C X', '36987-3388', '3575197376684224', '5'),
(337, 'Wiberg Super Cure', '362', '1LTR', 'FR75 2302 0942 03RP MCHP R6ND T55', '36987-2605', '201964807365964', '18'),
(338, 'Squash - Butternut', '644', '5PC', 'MT73 EAYX 9948 75PW 86UY ATJF CLI4 I9L', '43353-860', '3541674694408065', '12'),
(339, 'Duck - Fat', '854', '5LTR', 'MT98 FAMH 3954 5ZT6 MCXT PMAP CVEP 7HA', '58407-125', '5007663265910056', '5'),
(340, 'Cheese - Mix', '365', '2Package', 'BA33 6477 1171 1660 4714', '0228-2530', '5602241510747349', '12'),
(341, 'Chicken - Leg, Fresh', '451', '1PC', 'CY56 7721 7420 NCWR LLQ6 AFAZ YAAI', '52533-163', '201670478365809', '12'),
(342, 'Cheese - Cheddar, Old White', '887', '2Box', 'MR35 5396 6646 6173 0728 3254 975', '51079-922', '3583344110418812', '12'),
(343, 'Raisin - Golden', '571', '50ML', 'FR85 6051 5043 48TD QJKE POEF X71', '59779-253', '3535016717538858', '5'),
(344, 'Pie Pecan', '93', '12PC', 'MT47 SWER 6759 2WA6 TSCO YLYM M1XF OSH', '65044-2361', '3578025118942849', '18'),
(345, 'Lemon Pepper', '682', '2Package', 'CY73 8711 3236 KHMK AXA7 NU1Z HLRR', '57520-0231', '3564889637837012', '5'),
(346, 'Cheese - Swiss Sliced', '806', '2Box', 'LT72 4833 9238 5259 5647', '51672-1297', '0604871953226127', '5'),
(347, 'Hipnotiq Liquor', '402', '100ML', 'FR16 8071 6092 73C9 F7DH N1RM 606', '67191-001', '3575659548871229', '9'),
(348, 'name', 'price', 'size', 'model', 'serial_no', 'barcode', 'gst'),
(349, 'Papadam', '188', '1Package', 'MK39 204T WBMH 05NC J26', '0113-0884', '3584926384364406', '9'),
(350, 'Icecream - Dstk Strw Chseck', '706', '5LTR', 'FR16 5828 6788 54M3 PGHT 0Q8X P15', '24385-910', '63048534536680986', '5'),
(351, 'Salami - Genova', '805', '50ML', 'FR38 4026 0222 25J4 NUBJ TLXA M26', '59088-851', '6759665385397021', '18'),
(352, 'Island Oasis - Mango Daiquiri', '943', '50ML', 'BA42 8400 6537 6718 0922', '0615-7571', '5002357705806439', '5'),
(353, 'Mousse - Banana Chocolate', '473', '1LTR', 'LI64 7466 5HZJ YNG9 CR2V X', '30142-590', '4404103811027073', '9'),
(354, 'Lamb - Whole Head Off,nz', '391', '5PC', 'AZ81 TRWE EIJX J7BR MC24 KTFD 2YYJ', '76261-126', '3536053928067624', '18'),
(355, 'Tofu - Soft', '223', '1KG', 'TN39 1720 8856 5765 2263 5077', '54973-3102', '30576994162884', '12'),
(356, 'Wine - George Duboeuf Rose', '404', '1Package', 'GB84 YAFK 4244 5729 9923 03', '51824-010', '3575186534186149', '12'),
(357, 'Bread - Frozen Basket Variety', '298', '10PC', 'FR41 3061 7171 35NX YO6W VXZH 645', '68151-2195', '3553639290019165', '18'),
(358, 'Chocolate - Milk', '298', '5PC', 'HR27 8758 8667 7956 3925 1', '65044-4401', '6334381871735443', '12'),
(359, 'Pie Box - Cello Window 2.5', '549', '2KG', 'IT47 M736 5226 123K TYUV MMXD 7B7', '67345-6088', '3586252350156009', '18'),
(360, 'Marzipan 50/50', '416', '1PC', 'SI29 5932 4346 1482 658', '11822-3301', '5116247846534185', '5'),
(361, 'Wine - Two Oceans Sauvignon', '312', '12PC', 'FI84 6690 0963 4282 54', '54622-520', '3585130758863684', '18'),
(362, 'Trout - Rainbow, Frozen', '325', '1LTR', 'CR76 4877 8841 3715 7750 5', '63739-986', '6396489758763977', '9'),
(363, 'V8 Splash Strawberry Banana', '238', '1KG', 'BR57 8748 3411 1040 9826 2191 546E S', '59746-281', '503866624050466989', '12'),
(364, 'Parsley - Fresh', '433', '2Box', 'SK33 4263 1782 8220 9086 6368', '41520-432', '490519088798983435', '18'),
(365, 'Chocolate - Sugar Free Semi Choc', '333', '2Box', 'TN57 1687 4273 8546 0785 0613', '59148-018', '3577921680529025', '5'),
(366, 'Compound - Raspberry', '545', '2Package', 'LV12 EXLK KKTS GHIO OI0M B', '17478-937', '3562634545654055', '9'),
(367, 'Cheese - Camembert', '780', '50ML', 'FR69 6680 1600 498V PMCT YY0T O04', '58118-2116', '201689544897934', '12'),
(368, 'Dried Cranberries', '62', '1LTR', 'MK60 2835 PY4M 1NYJ 556', '55154-7301', '3544332080687365', '12'),
(369, 'Appetizer - Tarragon Chicken', '554', '1Box', 'GR31 2916 077C 6MMU JPDF RQQC GFO', '15127-006', '3533867269597672', '12'),
(370, 'Port - 74 Brights', '691', '1LTR', 'ES78 1613 7778 5234 7282 9522', '0179-0132', '30368203709717', '18'),
(371, 'Rootbeer', '447', '2KG', 'DE40 0375 6028 6712 0132 89', '64117-196', '5602210615235731170', '5'),
(372, 'Lamb Rack - Ontario', '111', '5PC', 'FR02 5068 1825 85MX PXAL NRXQ M45', '33992-1416', '6374558678226103', '12'),
(373, 'Baking Soda', '762', '100ML', 'MR69 2954 5187 9985 4271 4137 488', '0378-6165', '6331108933944884', '5'),
(374, 'Broom And Brush Rack Black', '139', '12PC', 'MC87 8235 7983 16WZ ZFII QTWW M42', '59779-726', '3574605717990614', '12'),
(375, 'Juice - Lime', '548', '1Box', 'ME57 1676 8437 7156 5200 61', '52686-244', '3548820070322833', '9'),
(376, 'Pike - Frozen Fillet', '709', '50ML', 'BR66 8047 5255 9587 7723 6502 999S S', '49852-016', '676216966451217425', '9'),
(377, 'Mussels - Frozen', '598', '10Box', 'CR22 9374 9086 2869 2664 6', '54868-1959', '060448860639268243', '12'),
(378, 'Oil - Sunflower', '302', '2Package', 'AT59 6131 5467 0625 2897', '11822-0400', '3550666558876914', '12'),
(379, 'Lamb - Loin Chops', '508', '2Package', 'FO91 6971 1669 1928 25', '53808-0250', '3570256805659705', '18'),
(380, 'Truffle Shells - Semi - Sweet', '996', '2Box', 'FR53 5831 2872 67LH DKGH ZULS A06', '49281-650', '4405634548150738', '18'),
(381, 'Cheese - Boursin, Garlic / Herbs', '524', '1LTR', 'SK89 9412 4021 2249 7231 5648', '68788-9930', '560222730449096350', '5'),
(382, 'Clam Nectar', '879', '5PC', 'DE97 3934 6133 6773 7958 65', '54868-6204', '3587371510374309', '18'),
(383, 'Apple - Fuji', '323', '2Package', 'GE11 CV66 8755 9444 4287 76', '0187-5100', '3560181221550332', '9'),
(384, 'Wine - Manischewitz Concord', '905', '50ML', 'FR20 3357 2183 05YE FEZU 8DGW Q18', '58118-3750', '56022391809155830', '9'),
(385, 'Shrimp - Black Tiger 13/15', '997', '1Box', 'IE82 TIYC 8368 7984 0783 76', '61703-350', '4017959263252', '12'),
(386, 'Sugar - Crumb', '236', '1PC', 'FR64 2700 6929 9474 VYBZ 0IWQ B59', '55154-8264', '4508846908076818', '18'),
(387, 'Devonshire Cream', '994', '100ML', 'LT77 8209 9695 1627 3245', '59054-110', '374288823071377', '12'),
(388, 'Ecolab - Balanced Fusion', '602', '1Package', 'VG69 XIJS 5649 8767 0466 8471', '0615-6569', '5426270166555635', '5'),
(389, 'Milk - Chocolate 500ml', '307', '50ML', 'NO96 8848 7638 764', '65862-606', '58936397617031999', '9'),
(390, 'Kohlrabi', '768', '1Package', 'LI41 7185 3LPY 5I22 OV9I Y', '50458-092', '3582778682383022', '5'),
(391, 'Fudge - Cream Fudge', '709', '5PC', 'BA17 9104 5950 2449 4513', '0498-0401', '3546288129283079', '12'),
(392, 'Truffle Cups Green', '517', '10Box', 'FR69 9845 8293 33CY H0UB ZROH U49', '68682-367', '3580135395085133', '12'),
(393, 'Ginger - Ground', '233', '2Box', 'GR55 8780 545F UKQH EHFN C3BY YXP', '55154-2391', '5048379699070927', '18'),
(394, 'Truffle Shells - White Chocolate', '251', '10PC', 'TN53 5843 2693 2641 3447 3014', '52709-1001', '4844824833350452', '12'),
(395, 'Chicken - Breast, 5 - 7 Oz', '119', '10PC', 'FO78 4761 9815 4366 21', '49349-776', '5370971059792260', '9'),
(396, 'Corn Shoots', '977', '10PC', 'KW44 YIDT XPZX OCAJ EBIT 2ER8 PD3C W4', '49371-038', '6767614738561953424', '5'),
(397, 'Salmon - Atlantic, Skin On', '359', '1PC', 'GE96 EP37 0392 3035 8778 50', '0054-0109', '201836790888071', '9'),
(398, 'Butter - Salted', '443', '1KG', 'FR28 2269 5812 39JA BCTT UAHB 077', '55566-2100', '5391535992892365', '9'),
(399, 'Vodka - Hot, Lnferno', '226', '1LTR', 'FR19 9032 6038 38IJ 8AWK JHWO Q54', '65044-3716', '4017958318396', '9'),
(400, 'Wine - Charddonnay Errazuriz', '366', '5PC', 'AZ10 MVIQ O3NU JHCD DW3N 3GQM HTX3', '58370-3001', '3553065570174738', '5'),
(401, 'Snapple Lemon Tea', '60', '1Package', 'BH13 BCJK NJ3Q NXIH ODFT HL', '58118-1271', '3539856397962720', '12'),
(402, 'Tomatoes - Yellow Hot House', '511', '12PC', 'ES93 9738 9565 8211 7356 8258', '0603-5763', '630405482746085724', '18'),
(403, 'Pork - Sausage, Medium', '932', '12PC', 'PK63 HRVO R2FZ CC0R BTBC MSZ9', '49643-401', '493635795087251851', '9'),
(404, 'Scallops - In Shell', '965', '10PC', 'DE34 4107 1869 2984 4735 16', '0487-5901', '5145434750226884', '9'),
(405, 'Nantucket - Orange Mango Cktl', '899', '2KG', 'PK55 MDJY PLU4 T4BJ W9SD GHQC', '68135-020', '30442101499869', '5'),
(406, 'Cookie Dough - Oatmeal Rasin', '928', '2KG', 'PK04 ASWT 75G2 T71R E2DZ 8NZR', '35356-252', '3553795232371385', '18'),
(407, 'Alize Sunset', '943', '12PC', 'AL90 3613 8455 XF5J I74S IYHU BUT3', '55154-8274', '3549517978078470', '18'),
(408, 'Pork - Caul Fat', '647', '5PC', 'BA56 9840 3178 9216 9196', '18860-324', '201415920368617', '9'),
(409, 'Onions - Spanish', '499', '100ML', 'FR80 7737 7674 60CC 4G9Z 6LXG K69', '54569-0005', '670944710151559237', '12'),
(410, 'Cake Sheet Combo Party Pack', '571', '50ML', 'ME56 9148 7880 4775 1400 80', '21695-472', '3560916323992829', '18'),
(411, 'Jam - Strawberry, 20 Ml Jar', '812', '5LTR', 'FR50 5715 4222 45G9 KUNH W1QN Z15', '36987-3276', '3537987105085124', '5'),
(412, 'Wine - George Duboeuf Rose', '895', '1LTR', 'FR14 4493 9497 64DS BNDP DAZR V39', '76485-1017', '3536244349547837', '12'),
(413, 'Gingerale - Diet - Schweppes', '802', '2Package', 'FR75 8118 9299 64O7 NS9M PHG5 K73', '0338-1023', '3540396565309971', '12'),
(414, 'Evaporated Milk - Skim', '850', '10Box', 'PT53 3138 6434 6071 4001 6110 4', '68788-5665', '3550617579268755', '5'),
(415, 'Cocoa Powder - Natural', '488', '10PC', 'TN84 8762 9462 0872 4006 9868', '44924-100', '30368871906314', '18'),
(416, 'Rice Pilaf, Dry,package', '776', '5PC', 'BA56 4817 0949 5770 3302', '59779-498', '3580445863283452', '9'),
(417, 'Cup - 4oz Translucent', '232', '1Package', 'KZ22 105M JRCU VLZ6 LFJX', '66129-123', '3579274987742885', '5'),
(418, 'Trout - Rainbow, Fresh', '149', '10PC', 'SE88 1202 4076 1918 1936 0167', '54868-3854', '374283773848072', '12'),
(419, 'Orange Roughy 4/6 Oz', '726', '1Package', 'GB93 CZTK 8573 0206 3745 60', '49643-012', '3558738759588747', '5'),
(420, 'Turnip - Wax', '75', '5LTR', 'LU12 439I FYKP EDXD E9GR', '75990-3111', '3584988632176347', '5'),
(421, 'Juice - Ocean Spray Kiwi', '666', '1Package', 'BH40 FOWR 1UO5 7TJI FTHW KH', '0168-0347', '560224397040284427', '12'),
(422, 'Grapefruit - Pink', '356', '1LTR', 'FR89 8408 7975 95JV KTJC YPJG A75', '63629-4899', '67617683655227269', '12'),
(423, 'Beef - Ox Tongue', '821', '1Package', 'RO30 VFWB YZ3Z V4TD XCII BKON', '58232-1405', '4017953320769', '5'),
(424, 'Energy Drink - Redbull 355ml', '401', '2KG', 'IS24 9308 4232 5828 8366 1298 54', '55319-277', '3540558986913778', '12'),
(425, 'Soup - Clam Chowder, Dry Mix', '94', '12PC', 'FR68 8028 8145 52GJ MP2Y K456 U79', '49288-0708', '3537089742091449', '9'),
(426, 'Soup - Knorr, Chicken Gumbo', '471', '2Package', 'CH93 6837 42ME CIJO 1G9E J', '62037-938', '3545497172356747', '18'),
(427, 'Bread - Pullman, Sliced', '918', '1KG', 'LB77 5370 AWMC JZYP D2U2 OS93 MOPA', '52686-275', '56022391031126096', '9'),
(428, 'Stock - Fish', '347', '2Box', 'FR86 8093 0113 90IZ DG8V HS1E 384', '50845-0036', '36378845021417', '9');
INSERT INTO `items` (`id`, `name`, `price`, `size`, `model`, `serial_no`, `barcode`, `gst`) VALUES
(429, 'Crab - Dungeness, Whole', '861', '5LTR', 'FR23 5142 5658 11DK DZUY MPRO 353', '67684-2000', '3551650205611170', '12'),
(430, 'Vector Energy Bar', '64', '1Box', 'AD22 6243 6901 CHMH XHT6 IS97', '61919-159', '374288510529711', '9'),
(431, 'Cardamon Seed / Pod', '509', '1LTR', 'FR89 7706 6495 61RI W5QF VGYE 199', '61919-930', '374622459627088', '18'),
(432, 'Lemonade - Strawberry, 591 Ml', '240', '10PC', 'SE54 8099 2936 0240 9413 2206', '66116-443', '633440635708981815', '5'),
(433, 'Pate Pans Yellow', '998', '10PC', 'CH15 7419 0HX4 RVOW PW50 Q', '68084-717', '3540291904232036', '5'),
(434, 'Red Snapper - Fresh, Whole', '338', '2Box', 'FR94 0971 4493 6915 UON9 MZ3D U92', '35356-567', '5445538362587264', '5'),
(435, 'Sterno - Chafing Dish Fuel', '137', '1LTR', 'PS58 TENM CYD7 GNTT 65IV 6O4O OUPI A', '60505-3549', '3534151774418529', '18'),
(436, 'Wine - Magnotta - Red, Baco', '405', '2Package', 'SI93 4742 9853 4074 857', '54973-2950', '633491319486068149', '18'),
(437, 'Trueblue - Blueberry Cranberry', '144', '1Package', 'FR68 4263 9255 01MD FMNM QJFF 329', '0228-2143', '3548463045000612', '12'),
(438, 'Oil - Food, Lacquer Spray', '835', '12PC', 'NO30 6395 4597 541', '50268-061', '5515723303170132', '12'),
(439, 'Shallots', '312', '2Box', 'ME53 1573 5865 6314 8709 73', '36987-2844', '4175005295457808', '5'),
(440, 'Jam - Apricot', '402', '5PC', 'FR69 8314 8523 54AU 45TB 33JC D15', '65923-011', '3579214010767970', '5'),
(441, 'Corn Shoots', '455', '5PC', 'MK58 817Q 2M7H HR5R D49', '55111-223', '4903239664152984', '18'),
(442, 'Bread - Bistro Sour', '319', '1LTR', 'FO82 5222 2072 1256 05', '64942-1060', '3550094576519400', '18'),
(443, 'Tomatoes - Orange', '588', '2Package', 'GT89 UPQM MYKI DQSS SLFA 7RRE IPR4', '17271-245', '374288027705507', '5'),
(444, 'Veal - Kidney', '169', '2Package', 'HU54 6108 2740 2417 1660 8110 0335', '0074-3290', '3545172431620056', '9'),
(445, 'Wine - Cave Springs Dry Riesling', '842', '10PC', 'EE18 9151 8149 2945 8883', '60681-1105', '3556966190529671', '9'),
(446, 'Soup - French Onion, Dry', '366', '1KG', 'MC89 8238 9554 09V3 SJ9P N8XX Q23', '0268-0156', '5010123577883728', '18'),
(447, 'Pear - Asian', '569', '12PC', 'NL95 VYUB 0706 8155 30', '76214-034', '5505090265876920', '9'),
(448, 'Relish', '244', '5PC', 'BH42 JKGV QTGN LOTD 674P 6B', '44019-236', '5038297971643104754', '12'),
(449, 'Soup - Knorr, Chicken Gumbo', '848', '5LTR', 'MU66 SOKV 7430 2464 0339 1881 127K EQ', '0093-7299', '337941976672153', '12'),
(450, 'Ham Black Forest', '126', '12PC', 'SM73 P956 3781 9781 DYHU 1CDH VLJ', '15127-874', '561054544571209470', '18'),
(451, 'Rum - Coconut, Malibu', '104', '1Package', 'DE14 7076 6266 7134 7210 75', '68462-204', '4615767118676520', '18'),
(452, 'Appetizer - Chicken Satay', '532', '10Box', 'FR59 2283 3156 40HW 3LZ8 87ZD H36', '0268-6726', '5567774679440952', '5'),
(453, 'Pork - Loin, Boneless', '652', '1Box', 'FR13 3916 3501 42IL TJW7 T9MK H60', '63851-612', '3548048809192620', '18'),
(454, 'Bok Choy - Baby', '391', '2Package', 'AZ61 RZTU OF80 E13I CP3V 0LKX BX6N', '51346-135', '3532506853937388', '5'),
(455, 'Food Colouring - Red', '181', '1KG', 'ME21 7317 7234 2772 1240 56', '63739-669', '372301872183118', '12'),
(456, 'Container - Clear 16 Oz', '547', '1KG', 'LV87 JPXY OC9Q NDVG UQGI I', '0009-0417', '4740582878722507', '18'),
(457, 'Tumeric', '390', '5PC', 'DK42 8632 0300 0158 64', '48951-7112', '3584744006505078', '18'),
(458, 'Napkin - Beverge, White 2 - Ply', '994', '100ML', 'SE29 8804 3273 2202 8182 5810', '36987-3265', '5100143286701376', '12'),
(459, 'Pastry - Choclate Baked', '151', '2Package', 'BH15 RJPN NIPG QOVB JK2S O1', '13811-639', '676793699442196207', '9'),
(460, 'Mushroom - Morels, Dry', '219', '10Box', 'LV29 UPYT XDFV 8RN4 QOII Y', '44397-010', '3571267492583057', '12'),
(461, 'Mangoes', '816', '10Box', 'PS74 ERPS 9QP6 SZPD 94E0 OC76 OJ8G Q', '56136-003', '5273228434597049', '5'),
(462, 'Aspic - Amber', '233', '1Box', 'RO37 KYDU OINX 7CLG KTYB V1CM', '10237-747', '4508188718297965', '9'),
(463, 'Tea - Herbal - 6 Asst', '211', '12PC', 'MC49 8620 6107 722H REET VDGG U64', '65044-1217', '3587780985520370', '12'),
(464, 'Wine - Manischewitz Concord', '752', '10PC', 'ES79 0359 6282 7718 3084 9009', '60505-2511', '3575682553061098', '12'),
(465, 'Sugar - White Packet', '601', '100ML', 'CH18 5130 4GHT S9LX NM5A 0', '63323-174', '3589828973132753', '18'),
(466, 'Cheese - Augre Des Champs', '739', '5LTR', 'GL33 9822 9932 0291 43', '61098-030', '374288043680023', '18'),
(467, 'Cauliflower', '213', '5LTR', 'PT87 4256 4110 8252 1697 8354 5', '43353-367', '50209186733173125', '5'),
(468, 'Tomatoes - Cherry, Yellow', '571', '2KG', 'RS48 6138 8323 6955 8872 12', '49349-159', '3558441647545314', '5'),
(469, 'Bandage - Fexible 1x3', '689', '50ML', 'AD37 3217 9909 CYYL W89M WLZK', '55154-0375', '3588806929426488', '5'),
(470, 'Cookie Dough - Chocolate Chip', '67', '2Package', 'IS67 7749 4696 6858 2432 9751 45', '0024-5856', '50182089349416154', '18'),
(471, 'Milk - 1%', '729', '1Box', 'LI57 3249 7R74 8RPU VV6B T', '11084-255', '3578211198772500', '5'),
(472, 'Parsley - Dried', '77', '1Package', 'FR98 1118 3700 32CK MH1F BWCN C49', '61589-1826', '3567727546000800', '5'),
(473, 'Vaccum Bag - 14x20', '694', '100ML', 'SA52 15LR SFNA QCLO BVMT WDNM', '49953-2801', '3575910276500310', '12'),
(474, 'Syrup - Monin - Passion Fruit', '550', '10Box', 'BA79 2871 3374 0221 3174', '54575-160', '3573786623031254', '18'),
(475, 'Lentils - Green Le Puy', '410', '1Package', 'KW58 PWBZ T6DT CMD3 ZKNH ISYI SBYH 0H', '53329-821', '343295562374837', '18'),
(476, 'Vector Energy Bar', '152', '5PC', 'ME93 7368 3452 4279 1420 78', '76237-175', '3550766317127847', '9'),
(477, 'Lettuce - Lolla Rosa', '933', '1Box', 'PK37 ZJQZ YG5X HB0A EEYP XCV5', '65862-113', '3552613516452170', '5'),
(478, 'Pears - Bosc', '186', '12PC', 'RS70 7761 8652 1475 9033 42', '66312-601', '3588516854239836', '12'),
(479, 'Peas - Pigeon, Dry', '657', '5LTR', 'AD41 6428 7117 S0DP 3DMR VKIO', '43063-120', '5038085609566944', '9'),
(480, 'Spinach - Baby', '360', '1KG', 'LI27 6393 26WX 6CGL MYFG A', '36987-2099', '3568306359519443', '5'),
(481, 'Lamb Rack Frenched Australian', '141', '2KG', 'AL89 7882 0613 LKMN XSAT ZRHO 4DKK', '10544-100', '4508081575939862', '18'),
(482, 'Gatorade - Xfactor Berry', '862', '50ML', 'SA60 10YQ PHRR EDPF GORV BOSK', '63010-011', '3581730828123763', '5'),
(483, 'Rice - Basmati', '238', '5PC', 'FR76 3476 3758 31OM WMZZ 1ID5 I68', '0496-0829', '3543619188981539', '12'),
(484, 'Chips Potato Reg 43g', '500', '1KG', 'MK09 776T NK0M BOCF X56', '65044-3306', '56101803755846984', '12'),
(485, 'Cucumber - Pickling Ontario', '970', '2KG', 'GT15 CKTO EMPH OJWM BYWS VK9N NTGY', '60512-6455', '6333256959128375', '5'),
(486, 'Cake Circle, Foil, Scallop', '978', '1LTR', 'AT40 0097 6505 1768 3091', '54505-331', '3533577050295788', '9'),
(487, 'Compound - Strawberry', '248', '1LTR', 'FR36 2138 2053 41NZ YS2D 0YSX I40', '0069-0076', '3544198397513143', '5'),
(488, 'Cleaner - Bleach', '651', '50ML', 'SE50 1734 6320 1499 1773 3108', '0179-0074', '4913378733725376', '9'),
(489, 'Ecolab - Ster Bac', '176', '1Box', 'AL12 6702 8123 MX0U TNMS UQYH TWWJ', '98132-188', '3571465514919636', '5'),
(490, 'Apple - Delicious, Golden', '521', '2Package', 'GL60 9078 8540 5140 74', '54868-4884', '3535263022166138', '9'),
(491, 'Marjoram - Dried, Rubbed', '748', '1PC', 'ES95 0432 0436 3537 2824 5929', '16590-313', '4903204686332154', '5'),
(492, 'Jack Daniels', '608', '50ML', 'HR68 6986 8256 7428 5315 8', '49349-683', '6333789441303883', '18'),
(493, 'Kirsch - Schloss', '321', '5PC', 'LU05 509S 8MTS DGOD JMLV', '0615-7645', '3553450812049825', '9'),
(494, 'Beef - Rouladin, Sliced', '55', '1Box', 'FR07 3025 2568 10RS DWGE 00YX O98', '10544-095', '3528132338425216', '5'),
(495, 'Vaccum Bag 10x13', '827', '2Package', 'LU02 792B HOX1 6ZYV TVPZ', '59427-004', '3548765049077812', '12'),
(496, 'Oil - Hazelnut', '138', '5PC', 'MU75 IXHZ 3733 3623 0159 5818 205K NK', '0049-3500', '3560520702837090', '5'),
(497, 'Aspic - Clear', '245', '12PC', 'NO24 2847 3338 092', '0527-1383', '5010129663580219', '5'),
(498, 'Cheese - Havarti, Salsa', '690', '2KG', 'MD54 FMID XTYH RDTE U73R LRHT', '59158-731', '633401818512731215', '9'),
(499, 'Rice - Jasmine Sented', '898', '1KG', 'NO53 0528 3736 041', '60905-0406', '370251313198583', '5'),
(500, 'Onions - Cooking', '824', '2Package', 'MT37 VSMG 0103 637E Q3RF ZWPE G15H KKC', '57337-055', '3547706117877734', '18'),
(501, 'Bread - Roll, Whole Wheat', '613', '100ML', 'LB66 2650 R8AA RPNF 5JLS HSRR 1NIV', '52183-279', '3531444697524975', '18'),
(502, 'Tea - Herbal I Love Lemon', '794', '5LTR', 'DE18 6652 0013 5513 8804 33', '52959-410', '3531380528180829', '5'),
(503, 'Oregano - Fresh', '191', '2Package', 'DE47 6690 5599 1773 1852 43', '59762-1710', '5602255001997296', '9'),
(504, 'Bar Energy Chocchip', '180', '1Box', 'FO67 1924 4171 9625 72', '47781-205', '3552128407493837', '9'),
(505, 'Truffle - Peelings', '440', '2KG', 'LU24 186V LMST 9XEV R3JL', '55289-737', '5602239257796858246', '12'),
(506, 'Pasta - Rotini, Dry', '681', '10Box', 'PT94 1892 5266 3535 1168 4428 4', '43419-015', '3531095735824460', '5'),
(507, 'Wine - Periguita Fonseca', '459', '5PC', 'DK76 1058 2043 5351 60', '67457-595', '3535329241063032', '5'),
(508, 'Gooseberry', '544', '12PC', 'VG37 QSJJ 0036 9184 5888 6141', '0904-3991', '3533008859055207', '9'),
(509, 'Wine - Red Oakridge Merlot', '581', '1KG', 'ME65 8794 4785 7066 3372 33', '63029-500', '6763695148271907176', '9'),
(510, 'Cheese - Bocconcini', '735', '2Box', 'RS94 1001 9462 3109 7994 70', '51060-054', '5048374387691159', '18'),
(511, 'Rice Wine - Aji Mirin', '698', '1PC', 'KW39 OPEB OVLU JEL6 JZAH YCU3 KOVS JW', '11489-088', '374308734652253', '12'),
(512, 'Bols Melon Liqueur', '232', '1PC', 'TN56 2458 2490 0650 5000 2644', '52124-0113', '3529527675469421', '9'),
(513, 'Cucumber - English', '790', '1Box', 'AD61 0841 2014 J4GO XNTM J0D3', '57520-0150', '5602225090305417956', '12'),
(514, 'Mince Meat - Filling', '52', '5PC', 'BA63 8681 5267 6045 5696', '36800-056', '3584333589379604', '9'),
(515, 'Southern Comfort', '744', '5LTR', 'BR67 3631 5639 6808 8973 3709 267V J', '68788-9433', '5602257895220088000', '18'),
(516, 'Flour - All Purpose', '628', '5PC', 'CY95 7267 2656 ALFW MAMV 7LTQ NCMV', '36800-751', '5010126314891615', '18'),
(517, 'Lamb Rack Frenched Australian', '81', '50ML', 'CH88 3004 2TJA F1N4 LJI9 C', '50114-0114', '6762652987706903', '18'),
(518, 'Burger Veggie', '307', '1KG', 'IL06 6348 2762 4635 3795 169', '42507-105', '4026921244601638', '9'),
(519, 'Capon - Whole', '927', '10PC', 'SA10 87CG 1ZR1 TOVX RT9T ZMCN', '49035-489', '5002353867539413', '12'),
(520, 'Muffin Mix - Banana Nut', '272', '12PC', 'FR15 5060 5475 22TA KPNG 9KSP 790', '43538-180', '560225900098279402', '5'),
(521, 'Nantucket Pine Orangebanana', '828', '10PC', 'FO39 5505 3548 8743 65', '63459-205', '5116070672431163', '5'),
(522, 'Ice Cream - Chocolate', '158', '1Box', 'BH97 IGAD DMIP RVQC ZBDJ ZH', '52125-401', '5610182194901689', '18'),
(523, 'Island Oasis - Magarita Mix', '430', '2KG', 'LI07 3070 1OZY K9XP WTOT 8', '21695-458', '3580640422515697', '12'),
(524, 'Ecolab - Solid Fusion', '491', '1KG', 'FR15 8568 1982 98BF NHXM DYRS D14', '68462-435', '3560936598718386', '18'),
(525, 'Pasta - Lasagne, Fresh', '473', '5PC', 'DO97 ZU9N 8171 2757 3533 9973 2536', '68084-735', '3534945948838755', '12'),
(526, 'Tomato - Peeled Italian Canned', '473', '10Box', 'LI81 3561 5361 NBDK AR5X H', '46122-140', '4041374900933815', '12'),
(527, 'Orange Roughy 6/8 Oz', '797', '2Box', 'KZ85 839F KFE6 VWSI KQ8J', '50845-0129', '3565025338706250', '12'),
(528, 'Wine - Pinot Grigio Collavini', '258', '1KG', 'AD55 4310 1433 MEL4 U99D Q5LM', '49781-010', '5100174439953069', '12'),
(529, 'Bread - White, Sliced', '433', '1Box', 'FR60 1381 3392 35KR AOHA IZPU V25', '52959-018', '6381587683469912', '18'),
(530, 'Towels - Paper / Kraft', '518', '100ML', 'SI46 3036 9578 5459 156', '37000-226', '201806400011190', '9'),
(531, 'Island Oasis - Peach Daiquiri', '268', '1KG', 'FR05 9106 9388 79SA GYYZ FSLC 972', '63629-2736', '3563855263031742', '12'),
(532, 'Wine - Red, Cooking', '270', '2KG', 'IT42 V940 5344 584K A8LZ RCF5 C07', '0378-2903', '3563764237687045', '9'),
(533, 'The Pop Shoppe - Lime Rickey', '439', '100ML', 'EE33 1200 0937 3866 0018', '43742-0100', '4913328191621294', '9'),
(534, 'Shrimp - 31/40', '381', '1PC', 'LI49 8753 2RE1 ZTYI 3TNR V', '40002-002', '3565648392089881', '5'),
(535, 'Food Colouring - Red', '325', '5LTR', 'RS88 6570 7148 9531 3019 20', '63304-216', '5215955697195381', '9'),
(536, 'Piping Jelly - All Colours', '773', '1PC', 'AZ29 SCNT 6KZ6 NMB4 BVNT 3MEA 7UWD', '58411-108', '3541542240853045', '12'),
(537, 'Lid Coffee Cup 8oz Blk', '406', '2Package', 'GT29 RM2R WFEF GIV8 S017 8PBO FUHT', '55111-402', '3554743789030300', '5'),
(538, 'Cake - Cake Sheet Macaroon', '329', '2Package', 'FR67 7722 7205 25UM RBFQ QAK2 K51', '55648-978', '3538677779905637', '9'),
(539, 'Pepper - Roasted Red', '555', '1Package', 'SM05 K855 4771 316J QIZC MLYH 8IG', '59021-006', '3532936364549614', '12'),
(540, 'Stock - Chicken, White', '236', '2Box', 'FR49 8141 8867 23IJ HBDY ABBA A82', '10812-323', '4041597539374247', '18'),
(541, 'Bouillion - Fish', '782', '1Box', 'BH93 IDTI G2GZ N213 YLTK JS', '0268-1107', '3548895459423469', '5'),
(542, 'Wine - Gewurztraminer Pierre', '191', '1LTR', 'TR86 2540 1T3C HCLY YK5P FOT8 WQ', '0067-2083', '3580170705120460', '9'),
(543, 'Water - Aquafina Vitamin', '675', '10PC', 'IL20 3390 4227 7722 2853 248', '47335-381', '3540912162623133', '18'),
(544, 'Bandage - Fexible 1x3', '385', '10PC', 'IS10 6248 0674 4978 9541 5583 62', '68084-280', '501820918874285263', '12'),
(545, 'White Fish - Filets', '911', '1PC', 'GI81 DZLA 09MU Y2SZ SY9P URJ', '52124-0112', '4026120793096627', '18'),
(546, 'Ham - Smoked, Bone - In', '241', '12PC', 'FR09 9160 3192 35U4 QVWT ACFE Q87', '49349-400', '3536936417294131', '9'),
(547, '7up Diet, 355 Ml', '849', '1LTR', 'MK57 626X 9OZU 0AQY M29', '68472-073', '3572925878849603', '12'),
(548, 'Artichoke - Fresh', '776', '100ML', 'CY96 2744 0754 OBZE G30H N9XI TP4P', '68084-506', '3574040720839170', '18'),
(549, 'Lettuce - Mini Greens, Whole', '740', '100ML', 'CY13 8769 2086 VAXE M1QV B3Q7 J8BJ', '62011-0078', '6761156357452328146', '5'),
(550, 'Sprouts - Brussel', '265', '1LTR', 'MT98 WZXH 9535 7Z7U GLHG QYT3 LVWL RED', '0093-7392', '4913275740117144', '9'),
(551, 'Spice - Chili Powder Mexican', '734', '100ML', 'NL73 ROZS 6337 4146 82', '55111-534', '58939064835693813', '18'),
(552, 'Bread - Malt', '934', '1PC', 'IL13 1673 3555 1941 5639 372', '11822-0371', '3575706601329072', '9'),
(553, 'Tomatoes - Yellow Hot House', '247', '1KG', 'TR66 6809 4PEC VQWB 1C9U V2MM QD', '33992-3007', '3565481551030748', '18'),
(554, 'Wine - Barolo Fontanafredda', '760', '2Package', 'ES42 1485 2587 1161 3876 0351', '54162-004', '6397591882390137', '5'),
(555, 'Salmon - Canned', '318', '10PC', 'BG19 LNQO 9587 84KQ OECF CY', '37000-848', '5602230500011431425', '9'),
(556, 'Milk - Homo', '689', '2KG', 'LI18 5008 92TA G8L0 WQ9W W', '45802-033', '675958075721031535', '5'),
(557, 'Cheese - Cheddar With Claret', '223', '1KG', 'AZ18 HXHL BJGV GVQS RNUL 9QTC M1QF', '12546-106', '5602222981775159', '12'),
(558, 'Bread Base - Toscano', '511', '2KG', 'CY09 5330 8059 YYDJ BXDR IGHN GDZA', '49726-016', '4041372132894', '5'),
(559, 'Tea - Orange Pekoe', '766', '100ML', 'FO13 3503 2475 5639 47', '76329-9061', '3572311345929437', '12'),
(560, 'Cheese - Mix', '852', '1Package', 'SK40 0218 5456 2286 3317 4701', '42507-468', '63046080559503624', '12'),
(561, 'Bread - Italian Roll With Herbs', '702', '1Package', 'FR25 3054 2962 67PY BIN6 2YIL L85', '49681-012', '5100143615876568', '5'),
(562, 'Pork - Loin, Center Cut', '400', '10Box', 'MU49 LPFA 0527 1288 5311 7263 535U UU', '0002-8797', '3547113171678696', '9'),
(563, 'Fudge - Chocolate Fudge', '914', '5PC', 'LV28 ESLB PJHM OI9U ITB5 9', '68428-131', '6388990547853425', '12'),
(564, 'Chicken - Wieners', '993', '2KG', 'GT87 TDEF YJLD WZQN UDWG QAA0 HKTM', '0074-2586', '5100140406624868', '18'),
(565, 'Kahlua', '131', '50ML', 'AZ85 LYIM QBDN N921 VIKK UJEO OSJK', '55316-310', '30402350467595', '5'),
(566, 'Appetizer - Mushroom Tart', '757', '2Box', 'IT45 B707 2024 618I VFRI TZDS LYC', '59726-810', '3540948653779216', '5'),
(567, 'Beef - Montreal Smoked Brisket', '502', '5LTR', 'AL76 2204 9095 6NIS TCTB G5R2 O7ZJ', '63629-2745', '30432306918029', '18'),
(568, 'Bols Melon Liqueur', '367', '2KG', 'FR96 0940 7437 28VL HQBC MDGW D15', '36987-1881', '4041598470433', '9'),
(569, 'Oil - Olive Bertolli', '148', '1LTR', 'PT30 8067 6006 9560 6340 2602 4', '64760-006', '3584135043371022', '9'),
(570, 'Spice - Onion Powder Granulated', '101', '2Box', 'FR26 7295 3138 75DJ 3AXO VJ7S 944', '0536-5150', '4041593003782189', '18'),
(571, 'Wine - Taylors Reserve', '856', '10Box', 'CY40 5510 5626 TYBN LYML 1WUA HSON', '11673-454', '4041372456608', '9'),
(572, 'Stock - Fish', '285', '50ML', 'BR42 0458 3902 7315 5790 1049 768F 0', '98132-173', '560222937955777600', '9'),
(573, 'Wine - White, French Cross', '711', '1PC', 'RS02 0278 8385 0814 6237 04', '0536-3086', '3569439909875509', '12'),
(574, 'Peach - Halves', '778', '2KG', 'PL85 9783 5494 9511 6341 3659 5795', '48951-6018', '4026685227643475', '5'),
(575, 'Wine - Trimbach Pinot Blanc', '887', '12PC', 'IT28 S729 4664 016H D3XZ 7HFO ZDE', '0378-1160', '3560716628079268', '12'),
(576, 'Kiwi Gold Zespri', '971', '10PC', 'NL32 VXWX 4020 7692 26', '63323-349', '3535387737812601', '5'),
(577, 'Basil - Dry, Rubbed', '413', '12PC', 'AE17 6854 6320 9883 3761 145', '31190-210', '4905234735805767527', '5'),
(578, 'Ham - Smoked, Bone - In', '507', '2KG', 'FR90 2149 1085 05V1 HV2K LP88 J30', '16590-409', '3530680002883405', '12'),
(579, 'Bar Nature Valley', '396', '2Package', 'FR93 6239 2984 66G8 HHEH PGYB 254', '0363-0462', '3580692974627198', '18'),
(580, 'Tomatoes - Orange', '823', '10Box', 'PL78 3395 6240 4462 6293 6437 2676', '55390-194', '201837054407632', '9'),
(581, 'Pear - Prickly', '214', '1PC', 'MR08 2934 6980 6146 6800 4434 640', '42891-4148', '3566687282335482', '5'),
(582, 'Wine - White, Colubia Cresh', '511', '1PC', 'FR45 1633 8165 08GY Q5KR KSJH B78', '54868-6049', '56022288107173509', '5'),
(583, 'Beer - Upper Canada Light', '247', '1KG', 'FI53 7048 8539 2516 29', '12830-816', '3569780561154117', '18'),
(584, 'Dish Towel', '117', '1LTR', 'FR71 5579 2215 830I 3EHL LWCL C98', '41520-517', '3567742653821492', '5'),
(585, 'Crab - Imitation Flakes', '380', '1PC', 'AZ83 OTGE LMPA WZPO YMOS 5WKV U3WF', '54868-1195', '3557934577445720', '5'),
(586, 'Longos - Chicken Cordon Bleu', '210', '12PC', 'MK82 677I WNB7 ROQ1 382', '0280-1012', '5223818871520008', '5'),
(587, 'Placemat - Scallop, White', '529', '2KG', 'CH98 2125 66KF MNU4 TKN2 V', '66579-0019', '374622439818765', '9'),
(588, 'Bread - Pain Au Liat X12', '520', '1Package', 'FR02 3594 3724 64C1 RT1X 1UZU H56', '65044-2622', '3565366799885070', '18'),
(589, 'Cabbage Roll', '626', '2Package', 'CR44 0351 9262 2790 2546 6', '59746-325', '3536793294837387', '9'),
(590, 'Raisin - Dark', '627', '5PC', 'FO29 7873 9169 2798 56', '0172-6359', '3531778045321653', '9'),
(591, 'Cake - Cake Sheet Macaroon', '500', '1Package', 'BA53 2123 4125 6008 1848', '37012-851', '3545898713552332', '18'),
(592, 'Dish Towel', '1000', '1LTR', 'SM35 X659 3540 390N PCNP QQCO MO7', '51009-146', '3573183013246611', '12'),
(593, 'Island Oasis - Mango Daiquiri', '961', '1Package', 'SM97 H272 5329 888R BKOT WDHC PBE', '44397-020', '060435842979895764', '12'),
(594, 'Soup - Campbells Beef Noodle', '116', '2Package', 'RS98 4816 3929 5305 7851 66', '42865-303', '5108756779533360', '9'),
(595, 'Halibut - Fletches', '258', '2Package', 'KW68 GTKW OWRL Z3RN XT52 S63Y 9GVT WP', '68428-075', '6767220188378461', '12'),
(596, 'Pork - Back, Short Cut, Boneless', '462', '2Package', 'CH17 7522 68E0 RB4T UNBV 2', '69190-258', '3528975870993185', '9'),
(597, 'Tomatoes - Plum, Canned', '186', '12PC', 'AE23 9269 6631 9904 2213 223', '60760-182', '3535152561037539', '18'),
(598, 'Bandage - Fexible 1x3', '71', '2KG', 'AE57 1971 1798 5255 4494 275', '55154-5446', '6398172387525540', '18'),
(599, 'Oil - Macadamia', '586', '1PC', 'LU64 041L T7AV Y0YN 50VN', '60760-901', '3564166769371759', '18'),
(600, 'Jam - Raspberry', '515', '100ML', 'MD71 FNQV 2XKD 8SBE IQIN TTKY', '0071-0155', '5610851112099376', '12'),
(601, 'Pepper - Jalapeno', '839', '1Package', 'FR63 0820 7191 94B0 QAIX SH8S C03', '55154-2733', '3574518024007081', '5'),
(602, 'Celery Root', '905', '50ML', 'FR94 5923 5983 50YB U3LN DR49 U95', '48951-1113', '3580375132073881', '12'),
(603, 'Clams - Bay', '406', '10PC', 'NL29 YFIJ 6005 9668 38', '68084-625', '3585214508629510', '5'),
(604, 'Container - Clear 16 Oz', '451', '10PC', 'NL29 IPMK 8904 0001 61', '0363-0491', '4026470624277718', '18'),
(605, 'Soup - Chicken And Wild Rice', '459', '1LTR', 'AL53 7627 1319 JQMQ NSPE DT6Q RCYT', '65862-448', '560221413291214873', '5'),
(606, 'Cheese Cloth', '718', '2Box', 'CY80 7029 6151 8GUH 4EOM 0DZE 9MDB', '43275-150', '30353307755170', '9'),
(607, 'Stock - Beef, Brown', '649', '1Box', 'IE75 XLEX 8771 1352 0951 85', '50728-510', '3545792411494220', '12'),
(608, 'Truffle Cups - Red', '978', '5PC', 'GT38 SRQ7 KDDO APRP K7L5 OEFK 9LD9', '50268-796', '4903393546807047798', '5'),
(609, 'Shortbread - Cookie Crumbs', '254', '2KG', 'LI17 1448 6U4Q J5K8 22WL F', '41520-803', '3579749193467112', '5'),
(610, 'Gingerale - Diet - Schweppes', '405', '100ML', 'FO54 0872 4868 9527 58', '65862-144', '67627971196417814', '18'),
(611, 'Onions - Spanish', '783', '1Package', 'FR72 8810 2549 25I0 KYRW HK3T K94', '62587-219', '5602218603279786', '9'),
(612, 'Raspberries - Frozen', '583', '10Box', 'GT88 PKJG JOMN H5WA 4DD5 ED3K XALM', '68788-9792', '3557457229943538', '12'),
(613, 'Cheese - Bocconcini', '69', '2KG', 'CZ05 0720 9771 4583 8354 7641', '43353-637', '3589893671958289', '18'),
(614, 'Tomatoes - Hot House', '920', '1KG', 'PT77 7700 3635 3822 9820 4611 2', '65954-008', '3579822718286075', '12'),
(615, 'Pork - Butt, Boneless', '255', '1PC', 'MU02 CAYS 3130 9783 2303 1921 943C LR', '41268-065', '560221178169065786', '5'),
(616, 'Beef - Tender Tips', '978', '1Box', 'ME03 7635 7080 4900 9227 59', '0143-9920', '374622835309500', '12'),
(617, 'Tilapia - Fillets', '126', '2Package', 'RO75 PWXQ KX6O BSSE VW0F UJN8', '20276-551', '3557933719856141', '5'),
(618, 'Chutney Sauce - Mango', '70', '1PC', 'FR18 9718 9325 389F VBMT 97TX L60', '61957-0521', '3573643458769674', '12'),
(619, 'Nut - Macadamia', '867', '1Package', 'CZ95 9884 5919 2485 3690 7267', '13668-083', '3536489629454515', '18'),
(620, 'Coconut - Whole', '187', '1LTR', 'BH20 KDAV J0FC RP1H 7ES9 CF', '59115-049', '6394255206924350', '9'),
(621, 'Chicken - Ground', '416', '5PC', 'SI27 8610 1925 0743 828', '50730-3001', '3531091974933716', '18'),
(622, 'Doilies - 5, Paper', '588', '1PC', 'BH78 LMRJ 2NP9 P0CC EK7X RT', '12213-710', '3576777081576614', '9'),
(623, 'Lamb - Leg, Bone In', '487', '5PC', 'SM08 O022 4706 928S MRBE 9AUS NAY', '21695-501', '4041378551535', '9'),
(624, 'Plasticknivesblack', '406', '2KG', 'BA41 5600 7059 0783 1917', '49999-139', '5100175226806725', '18'),
(625, 'Cleaner - Comet', '977', '1Box', 'GB32 LUBP 2085 8849 7089 74', '59301-001', '3542017002753286', '5'),
(626, 'Rice - Sushi', '457', '2Box', 'FI80 9534 3707 7214 16', '17630-2026', '3542230983475940', '5'),
(627, 'Red Currants', '652', '12PC', 'SE70 7981 9888 5268 6236 5221', '65862-019', '3586019735612661', '12'),
(628, 'Loquat', '527', '10PC', 'MR81 8050 4233 8644 0469 2265 121', '0574-2008', '676268124527903548', '5'),
(629, 'Scallop - St. Jaques', '264', '1PC', 'FI31 4933 9229 1494 32', '41163-259', '3552120680936012', '12'),
(630, 'Wine - Ice Wine', '908', '100ML', 'FR25 8318 3660 17HV HIK3 AJPG I82', '50436-6400', '58936835351319526', '9'),
(631, 'Plasticforkblack', '250', '1LTR', 'HU16 2772 2243 1413 1653 9175 7210', '54569-1990', '5048373702991047', '9'),
(632, 'Mustard - Pommery', '892', '1Box', 'FR38 3594 2305 94BK IDYV 7VBW U07', '57607-001', '3539295716451786', '12'),
(633, 'Nestea - Iced Tea', '395', '100ML', 'VG91 XOXU 3947 3075 7355 5030', '64679-993', '564182943095752131', '12'),
(634, 'Salmon - Whole, 4 - 6 Pounds', '324', '1LTR', 'BA54 4200 4473 9984 2400', '36987-2349', '5018887729697093', '5'),
(635, 'Dry Ice', '347', '5LTR', 'CH98 5044 5KN3 YPED 117E Z', '69000-011', '5610890464515600072', '5'),
(636, 'Baking Powder', '942', '1LTR', 'BE61 4410 8509 3553', '0268-1418', '5382040193366211', '18'),
(637, 'Coffee - Frthy Coffee Crisp', '423', '10Box', 'MK37 763D 19BW 8JPY 334', '48951-7080', '3575417677369709', '9'),
(638, 'Pasta - Orecchiette', '461', '10PC', 'BA79 7919 5911 9674 7280', '57520-0695', '3549994259788640', '18'),
(639, 'Cinnamon Buns Sticky', '755', '2KG', 'IE36 JESN 4789 6538 8075 25', '0832-1024', '3541097575783002', '18'),
(640, 'The Pop Shoppe - Lime Rickey', '349', '100ML', 'AT19 6352 2825 2188 8784', '51531-0838', '5525218903392390', '5'),
(641, 'Cabbage - Green', '919', '2KG', 'VG50 BLGL 9717 8089 2860 8694', '63777-222', '3535425660302347', '18'),
(642, 'Carbonated Water - Lemon Lime', '466', '12PC', 'FR82 2776 7319 28ON KKNY NBVM Z31', '61919-184', '337941777969055', '12'),
(643, 'Danishes - Mini Raspberry', '293', '2KG', 'SA30 38UK ZQIG PY3Z YBLK D2FU', '54868-5365', '201715375392453', '18'),
(644, 'Beer - Alexander Kieths, Pale Ale', '431', '10PC', 'SK29 9781 6658 4481 8577 3250', '60760-354', '3544390793151830', '18'),
(645, 'Passion Fruit', '935', '10PC', 'LB76 5330 NBDM KD3K PY7G 7E0L T6WS', '45963-539', '30563182721424', '5'),
(646, 'Wine - White, Chardonnay', '573', '50ML', 'FR11 8332 1463 52NR MFWS O6LQ L91', '0574-7040', '4936755044523579', '9'),
(647, 'Potatoes - Idaho 100 Count', '400', '12PC', 'TN02 5976 0772 7735 3012 4883', '52685-370', '374283839603339', '5'),
(648, 'Veal - Round, Eye Of', '973', '1LTR', 'GB07 FKDU 1196 0790 9628 84', '62584-142', '372301956129433', '18'),
(649, 'Butcher Twine 4r', '817', '12PC', 'MU83 GPNT 0892 3079 8445 6950 921Z JU', '54632-004', '3559224688447387', '9'),
(650, 'Lettuce - Boston Bib', '835', '10PC', 'CY23 3118 4692 LAOH TJ4U KRYR 8GHI', '10742-8682', '337941205886376', '12'),
(651, 'Lobster - Canned Premium', '719', '5LTR', 'LI52 3361 9YST EKPJ Z822 Y', '49643-442', '5007669059054662', '9'),
(652, 'Chocolate - Dark', '782', '2Box', 'RS10 8589 4905 4595 7518 36', '30698-460', '3541771881610295', '18'),
(653, 'Ecolab - Lime - A - Way 4/4 L', '717', '12PC', 'FR69 0480 9486 71QG CLRX SB5P U02', '0078-0502', '374622989789978', '5'),
(654, 'Pesto - Primerba, Paste', '536', '2KG', 'EE62 9069 3447 0399 9052', '62011-0036', '30331593648648', '9'),
(655, 'Beer - Molson Excel', '947', '12PC', 'ES06 8030 6088 1531 0801 4908', '45802-065', '5342179868126267', '18'),
(656, 'Pepper - Gypsy Pepper', '638', '1LTR', 'AE40 3156 9670 3499 0876 997', '63629-5250', '5430895165054232', '18'),
(657, 'Mousse - Mango', '669', '10Box', 'GL05 3243 2067 3030 55', '49693-1101', '67093508971558183', '12'),
(658, 'Pastry - Key Limepoppy Seed Tea', '526', '5PC', 'LB55 6730 CYVJ 0D8K FO9W EJAU 1ASK', '62695-2001', '6376680044245811', '9'),
(659, 'Appetizer - Spring Roll, Veg', '918', '100ML', 'FO41 8968 4096 1960 19', '65582-100', '3574139348270790', '5'),
(660, 'Yoplait Drink', '779', '100ML', 'FR62 5618 3845 60JN PZ7F ETLO T40', '52118-001', '3583994332414005', '9'),
(661, 'Wine - Magnotta - Bel Paese White', '369', '1Box', 'CY76 3475 6821 07BF DKKH XH3X E2W6', '49967-372', '6394901486319577', '5'),
(662, 'Cheese - Brick With Pepper', '293', '1KG', 'AE31 3661 9676 0246 9905 643', '37000-366', '337941776485319', '5'),
(663, 'Flavouring Vanilla Artificial', '466', '5LTR', 'GR88 9840 808N KM5I ZD7K VU3O VDN', '63981-571', '3535805814716528', '12'),
(664, 'Cabbage - Savoy', '552', '1Package', 'TN32 4230 0238 1844 8181 2301', '14783-241', '6762380409722684', '5'),
(665, 'Beer - Creemore', '190', '1KG', 'GL32 7282 8690 1822 08', '0378-6726', '6334173569120925', '18'),
(666, 'Beer - Guiness', '581', '2Box', 'VG77 XWLN 4407 1232 7207 8297', '36987-2695', '30583152387790', '18'),
(667, 'Cake - Miini Cheesecake Cherry', '239', '1Package', 'GI65 PKEF LKTV NKWN YLQO 9KJ', '0869-0063', '3553831835124887', '18'),
(668, 'Pasta - Orzo, Dry', '89', '2Package', 'FR10 2754 3984 93ME YAJV HKM8 L15', '49349-711', '3580741765333829', '5'),
(669, 'Guinea Fowl', '481', '1KG', 'FR58 6210 2153 38DK 15VA ZFUJ C42', '36987-2733', '3584457838737922', '5'),
(670, 'Coffee - Decafenated', '192', '2KG', 'FR78 8898 7774 77BP OJRT 8ISI C24', '68788-9233', '676306185619769356', '5'),
(671, 'Lettuce - Romaine', '820', '2Package', 'GT08 PCFL DH7E XCND RSRR BE67 0KYO', '24236-360', '5412619119465720', '12'),
(672, 'Flour - Cake', '765', '1KG', 'GE62 ZT18 3821 8771 2383 36', '55316-223', '3554384741655262', '18'),
(673, 'Apple - Delicious, Red', '817', '2Package', 'RS37 0556 5197 5259 2133 72', '16252-505', '6393299528969165', '9'),
(674, 'Juice - Orange, 341 Ml', '835', '1Box', 'FR17 2715 0818 29BB UTOA JPTE 817', '37000-320', '3555735084959273', '5'),
(675, 'Bacardi Limon', '97', '2Package', 'FR17 9383 7235 26TB EWCB 3SLO V62', '0009-5401', '4175004621448102', '18'),
(676, 'Wine - Peller Estates Late', '144', '2Package', 'IE11 FTWV 2227 3198 6070 12', '0135-0201', '56022128903724537', '12'),
(677, 'Shrimp - Black Tiger 8 - 12', '903', '2KG', 'FR94 3980 8060 63SW GSJD GPVN E32', '54973-2953', '4508252666425265', '5'),
(678, 'Salt And Pepper Mix - White', '552', '5LTR', 'SE59 2241 5414 0166 6149 2466', '52731-7004', '30024571178593', '5'),
(679, 'Nut - Almond, Blanched, Ground', '886', '12PC', 'BG54 XSFD 5841 84NY 1ENX H7', '54868-4199', '3568607199687492', '5'),
(680, 'Chips - Doritos', '604', '1Package', 'GT77 8DEZ MOJT CVMY K8VO 0PVE UNBY', '68428-102', '56022441771707934', '18'),
(681, 'Olives - Nicoise', '256', '100ML', 'IT83 S249 6668 328O KMNR HRMB K1X', '11822-0679', '4041372082539137', '9'),
(682, 'Table Cloth 72x144 White', '632', '1Package', 'BG21 ICDM 4466 25DB 8ANB OW', '63961-100', '3542678917346027', '9'),
(683, 'Cheese - Mix', '335', '5PC', 'GT45 726L 6HBA BMQS 5DRM YLXY JVT5', '53345-013', '5048374602258446', '9'),
(684, 'Wine La Vielle Ferme Cote Du', '406', '12PC', 'NO27 6781 8274 532', '16590-320', '372301393102167', '5'),
(685, 'Dry Ice', '189', '1LTR', 'MR79 7043 9412 7046 6964 5251 046', '0131-3268', '561038282482121812', '18'),
(686, 'Wine - Fume Blanc Fetzer', '594', '50ML', 'TR47 6281 8NTL UAPM B0O7 JX5L 5Z', '0615-3561', '4041596737894444', '5'),
(687, 'Puree - Mango', '971', '1PC', 'RS88 3774 9197 2838 5653 38', '30142-938', '3532138882913493', '5'),
(688, 'Tomatoes - Plum, Canned', '425', '5LTR', 'CY59 4018 8844 A8DZ NATI II8N 0BJJ', '58177-311', '5183758387734875', '5'),
(689, 'Carrots - Jumbo', '154', '5PC', 'IE62 TZAM 9547 6463 8497 96', '67457-491', '4905556027923274', '12');

-- --------------------------------------------------------

--
-- Table structure for table `sale`
--

CREATE TABLE `sale` (
  `id` varchar(15) NOT NULL,
  `sub_total` varchar(15) NOT NULL,
  `gst_total` varchar(15) NOT NULL,
  `customer_id` varchar(15) NOT NULL,
  `total` varchar(50) NOT NULL,
  `date` timestamp NOT NULL DEFAULT CURRENT_TIMESTAMP
) ENGINE=InnoDB DEFAULT CHARSET=latin1;

--
-- Dumping data for table `sale`
--

INSERT INTO `sale` (`id`, `sub_total`, `gst_total`, `customer_id`, `total`, `date`) VALUES
('100000', '5,167.00', '490.92', '100001', '5,657.92', '2019-03-06 14:39:33'),
('100001', '5,167.00', '490.92', '100001', '5,657.92', '2019-03-06 14:39:33'),
('100002', '5,167.00', '490.92', '100001', '5,657.92', '2019-03-06 14:39:33'),
('100003', '5,167.00', '490.92', '100001', '5,657.92', '2019-03-06 14:39:33'),
('100004', '5,167.00', '490.92', '100001', '5,657.92', '2019-03-06 14:39:33'),
('100005', '5,167.00', '490.92', '100001', '5,657.92', '2019-03-06 14:39:33'),
('100006', '2,851.00', '407.22', '100001', '3,258.22', '2019-03-06 14:41:22'),
('100007', '2,851.00', '407.22', '100001', '3,258.22', '2019-03-06 14:41:22'),
('100008', '2,851.00', '407.22', '100001', '3,258.22', '2019-03-06 14:41:22'),
('100009', '2,851.00', '407.22', '100001', '3,258.22', '2019-03-06 14:41:22'),
('100010', '2,851.00', '407.22', '100001', '3,258.22', '2019-03-06 14:41:22'),
('100011', '2,851.00', '407.22', '100001', '3,258.22', '2019-03-06 14:41:22'),
('100012', '3,284.00', '321.45', '100001', '3,605.45', '2019-03-07 18:32:50'),
('100013', '3,284.00', '321.45', '100001', '3,605.45', '2019-03-07 18:32:50'),
('100014', '3,284.00', '321.45', '100001', '3,605.45', '2019-03-07 18:32:50'),
('100015', '3,284.00', '321.45', '100001', '3,605.45', '2019-03-07 18:32:51'),
('100016', '3,284.00', '321.45', '100001', '3,605.45', '2019-03-07 18:32:51');

-- --------------------------------------------------------

--
-- Table structure for table `sale_items`
--

CREATE TABLE `sale_items` (
  `id` int(11) NOT NULL,
  `item_id` varchar(15) DEFAULT NULL,
  `quantity` varchar(10) NOT NULL,
  `sale_id` varchar(15) NOT NULL
) ENGINE=InnoDB DEFAULT CHARSET=latin1;

--
-- Dumping data for table `sale_items`
--

INSERT INTO `sale_items` (`id`, `item_id`, `quantity`, `sale_id`) VALUES
(97, '1', '4', '100000'),
(98, '2', '1', '100000'),
(99, '4', '5', '100000'),
(100, '5', '1', '100000'),
(101, '6', '3', '100000'),
(102, '1', '1', '100001'),
(103, '2', '1', '100001'),
(104, '4', '1', '100001'),
(105, '5', '1', '100001'),
(106, '6', '1', '100001'),
(107, '16', '1', '100001'),
(108, '15', '1', '100001'),
(109, '1', '2', '100002'),
(110, '2', '3', '100002'),
(111, '3', '2', '100002'),
(112, '1', '1', '100000'),
(113, '2', '1', '100000'),
(114, '4', '4', '100000'),
(115, '9', '1', '100000'),
(116, '1', '1', '100001'),
(117, '2', '1', '100001'),
(118, '4', '4', '100001'),
(119, '9', '1', '100001'),
(120, '1', '1', '100002'),
(121, '2', '1', '100002'),
(122, '4', '4', '100002'),
(123, '9', '1', '100002'),
(124, '1', '1', '100003'),
(125, '2', '1', '100003'),
(126, '4', '4', '100003'),
(127, '9', '1', '100003'),
(128, '1', '1', '100004'),
(129, '2', '1', '100004'),
(130, '4', '4', '100004'),
(131, '9', '1', '100004'),
(132, '1', '1', '100005'),
(133, '2', '1', '100005'),
(134, '4', '4', '100005'),
(135, '9', '1', '100005'),
(136, '1', '1', '100006'),
(137, '141', '1', '100006'),
(138, '145', '2', '100006'),
(139, '171', '4', '100006'),
(140, '1', '1', '100007'),
(141, '141', '1', '100007'),
(142, '145', '2', '100007'),
(143, '171', '4', '100007'),
(144, '1', '1', '100008'),
(145, '141', '1', '100008'),
(146, '145', '2', '100008'),
(147, '171', '4', '100008'),
(148, '1', '1', '100009'),
(149, '141', '1', '100009'),
(150, '145', '2', '100009'),
(151, '171', '4', '100009'),
(152, '1', '1', '100010'),
(153, '141', '1', '100010'),
(154, '145', '2', '100010'),
(155, '171', '4', '100010'),
(156, '1', '1', '100011'),
(157, '141', '1', '100011'),
(158, '145', '2', '100011'),
(159, '171', '4', '100011'),
(160, '4', '3', '100012'),
(161, '1', '1', '100012'),
(162, '4', '3', '100013'),
(163, '1', '1', '100013'),
(164, '4', '3', '100014'),
(165, '1', '1', '100014'),
(166, '4', '3', '100015'),
(167, '1', '1', '100015'),
(168, '4', '3', '100016'),
(169, '1', '1', '100016');

-- --------------------------------------------------------

--
-- Table structure for table `users`
--

CREATE TABLE `users` (
  `id` int(11) NOT NULL,
  `username` varchar(150) NOT NULL,
  `password` varchar(255) NOT NULL,
  `name` varchar(150) NOT NULL,
  `role` varchar(50) NOT NULL,
  `email` varchar(150) NOT NULL,
  `mobile` varchar(15) NOT NULL,
  `designation` varchar(50) NOT NULL,
  `created_at` timestamp NOT NULL DEFAULT CURRENT_TIMESTAMP
) ENGINE=InnoDB DEFAULT CHARSET=latin1;

--
-- Dumping data for table `users`
--

INSERT INTO `users` (`id`, `username`, `password`, `name`, `role`, `email`, `mobile`, `designation`, `created_at`) VALUES
(5, 'harry', '$2y$10$OOWSljvCLSKgL5Fh/Z8mtO/PDXXrf6pXK0leo/Q0GSKHnYjaOR5Kq', 'Harry', 'admin', 'example@email.com', '9876543210', 'Woner', '2019-02-23 10:54:38');

-- --------------------------------------------------------

--
-- Table structure for table `warranty_period`
--

CREATE TABLE `warranty_period` (
  `id` int(11) NOT NULL,
  `period` varchar(20) NOT NULL,
  `display` varchar(50) NOT NULL
) ENGINE=InnoDB DEFAULT CHARSET=latin1;

--
-- Dumping data for table `warranty_period`
--

INSERT INTO `warranty_period` (`id`, `period`, `display`) VALUES
(1, '3', '3 Months'),
(2, '6', '6 Months'),
(3, '12', '12 Months'),
(4, '18', '18 Months'),
(5, '24', '24 Months');

--
-- Indexes for dumped tables
--

--
-- Indexes for table `address`
--
ALTER TABLE `address`
  ADD PRIMARY KEY (`id`);

--
-- Indexes for table `amc`
--
ALTER TABLE `amc`
  ADD PRIMARY KEY (`id`);

--
-- Indexes for table `amc_product`
--
ALTER TABLE `amc_product`
  ADD PRIMARY KEY (`id`);

--
-- Indexes for table `customer`
--
ALTER TABLE `customer`
  ADD PRIMARY KEY (`id`);

--
-- Indexes for table `items`
--
ALTER TABLE `items`
  ADD PRIMARY KEY (`id`);

--
-- Indexes for table `sale`
--
ALTER TABLE `sale`
  ADD PRIMARY KEY (`id`);

--
-- Indexes for table `sale_items`
--
ALTER TABLE `sale_items`
  ADD PRIMARY KEY (`id`);

--
-- Indexes for table `users`
--
ALTER TABLE `users`
  ADD PRIMARY KEY (`id`);

--
-- Indexes for table `warranty_period`
--
ALTER TABLE `warranty_period`
  ADD PRIMARY KEY (`id`);

--
-- AUTO_INCREMENT for dumped tables
--

--
-- AUTO_INCREMENT for table `address`
--
ALTER TABLE `address`
  MODIFY `id` int(11) NOT NULL AUTO_INCREMENT, AUTO_INCREMENT=118;

--
-- AUTO_INCREMENT for table `amc_product`
--
ALTER TABLE `amc_product`
  MODIFY `id` int(11) NOT NULL AUTO_INCREMENT;

--
-- AUTO_INCREMENT for table `items`
--
ALTER TABLE `items`
  MODIFY `id` int(11) NOT NULL AUTO_INCREMENT, AUTO_INCREMENT=690;

--
-- AUTO_INCREMENT for table `sale_items`
--
ALTER TABLE `sale_items`
  MODIFY `id` int(11) NOT NULL AUTO_INCREMENT, AUTO_INCREMENT=170;

--
-- AUTO_INCREMENT for table `users`
--
ALTER TABLE `users`
  MODIFY `id` int(11) NOT NULL AUTO_INCREMENT, AUTO_INCREMENT=6;

--
-- AUTO_INCREMENT for table `warranty_period`
--
ALTER TABLE `warranty_period`
  MODIFY `id` int(11) NOT NULL AUTO_INCREMENT, AUTO_INCREMENT=6;
COMMIT;

/*!40101 SET CHARACTER_SET_CLIENT=@OLD_CHARACTER_SET_CLIENT */;
/*!40101 SET CHARACTER_SET_RESULTS=@OLD_CHARACTER_SET_RESULTS */;
/*!40101 SET COLLATION_CONNECTION=@OLD_COLLATION_CONNECTION */;
